LoanID,CustomerID,LoanAmount,LoanType,DefaultFlag
L00001,C01809,3942749,Personal,1
L00002,C02897,3937807,Personal,0
L00003,C04302,4548396,Business,0
L00004,C01833,4195847,Business,0
L00005,C03230,1382579,Personal,0
L00006,C04003,4761756,Home,0
L00007,C01439,235449,Home,1
L00008,C02885,4717009,Auto,1
L00009,C01626,1429911,Home,0
L00010,C02024,4095747,Home,1
L00011,C02653,3713367,Home,1
L00012,C04578,2090024,Personal,0
L00013,C04178,2367092,Auto,0
L00014,C04323,2322062,Personal,1
L00015,C03081,1837904,Business,0
L00016,C02269,1695790,Home,1
L00017,C03217,3773592,Personal,0
L00018,C01306,4419139,Business,0
L00019,C02840,2704792,Home,0
L00020,C02065,3171710,Auto,0
L00021,C02885,3773033,Auto,0
L00022,C03367,4514468,Auto,0
L00023,C00739,4941469,Auto,0
L00024,C02181,4563380,Auto,0
L00025,C04744,4849264,Personal,0
L00026,C04336,3655180,Home,0
L00027,C04957,1956010,Home,0
L00028,C02656,1725435,Auto,0
L00029,C03531,931167,Personal,0
L00030,C03178,1003174,Personal,0
L00031,C03429,468802,Home,0
L00032,C04151,4598790,Business,0
L00033,C04543,4384270,Personal,0
L00034,C04708,3071259,Auto,0
L00035,C03039,1440453,Business,0
L00036,C02172,126640,Auto,1
L00037,C01286,1623138,Auto,0
L00038,C03995,4051783,Home,0
L00039,C02266,4153933,Business,0
L00040,C02699,3266625,Home,0
L00041,C00863,3445033,Personal,0
L00042,C02122,2384998,Business,1
L00043,C02631,773605,Personal,0
L00044,C04429,4498396,Personal,1
L00045,C03375,734671,Business,0
L00046,C03031,4635471,Business,0
L00047,C04782,1973504,Business,0
L00048,C01987,4892431,Home,0
L00049,C01262,1720256,Business,0
L00050,C02218,1088555,Personal,1
L00051,C04115,4143531,Personal,0
L00052,C00918,3461799,Auto,0
L00053,C00730,4174560,Home,0
L00054,C01244,305027,Personal,0
L00055,C01267,4450821,Auto,0
L00056,C04367,2050733,Auto,0
L00057,C04802,1730283,Business,1
L00058,C04932,4317802,Home,0
L00059,C01940,2237636,Business,0
L00060,C02385,3419585,Auto,0
L00061,C04082,1276227,Personal,0
L00062,C04382,4515617,Personal,1
L00063,C04565,3820138,Home,0
L00064,C04956,2293101,Home,0
L00065,C04984,1711492,Home,0
L00066,C03006,1800736,Auto,0
L00067,C04618,2244169,Personal,0
L00068,C02456,1846479,Auto,0
L00069,C03186,814693,Auto,0
L00070,C01888,3263282,Auto,1
L00071,C03728,4207110,Auto,0
L00072,C02073,4552631,Auto,0
L00073,C02629,3612397,Auto,0
L00074,C01249,1915648,Auto,0
L00075,C02269,1541705,Home,0
L00076,C00617,2136254,Auto,1
L00077,C03697,2108672,Home,1
L00078,C04876,2484837,Business,0
L00079,C01779,2198416,Auto,0
L00080,C02558,2372259,Auto,0
L00081,C02061,3667186,Personal,0
L00082,C03167,956522,Auto,0
L00083,C01656,3698139,Personal,0
L00084,C00567,3602555,Home,1
L00085,C01957,3268828,Home,1
L00086,C01374,879055,Business,1
L00087,C00469,485039,Auto,0
L00088,C01064,1521813,Business,1
L00089,C00989,3732842,Home,1
L00090,C04240,4346769,Business,0
L00091,C04250,2699379,Auto,1
L00092,C02221,3150106,Business,0
L00093,C02294,2404317,Home,1
L00094,C02470,3284939,Auto,0
L00095,C01560,785584,Home,1
L00096,C02641,828030,Business,1
L00097,C04939,453537,Home,0
L00098,C03817,4972933,Business,1
L00099,C02662,3957496,Auto,0
L00100,C04322,590077,Home,0
L00101,C04121,301588,Home,0
L00102,C02551,3683383,Business,0
L00103,C02946,3516756,Business,1
L00104,C03977,4338630,Business,0
L00105,C00113,534106,Business,0
L00106,C01049,1503761,Personal,0
L00107,C01278,1336991,Business,0
L00108,C04444,59872,Auto,1
L00109,C01130,2557889,Home,0
L00110,C03582,2231771,Auto,0
L00111,C01132,4969350,Auto,0
L00112,C04582,2094418,Business,0
L00113,C01506,934334,Home,0
L00114,C04127,3632644,Business,0
L00115,C03072,3437207,Home,0
L00116,C03599,207421,Personal,1
L00117,C04219,3485706,Auto,1
L00118,C00175,3755145,Personal,0
L00119,C00354,1516108,Personal,1
L00120,C01233,4871996,Auto,1
L00121,C03086,4075376,Personal,0
L00122,C03513,1010805,Personal,1
L00123,C03131,319347,Home,0
L00124,C01878,1236137,Home,0
L00125,C03815,502387,Home,0
L00126,C01990,4215312,Auto,0
L00127,C00445,4298475,Business,0
L00128,C01474,1297290,Home,0
L00129,C02940,4631422,Auto,0
L00130,C01136,2537923,Home,1
L00131,C00842,62521,Home,1
L00132,C00529,3768762,Auto,0
L00133,C02873,4888042,Business,0
L00134,C04404,2147715,Business,0
L00135,C03436,886718,Personal,0
L00136,C01327,1906469,Personal,1
L00137,C01012,272202,Home,0
L00138,C02069,368484,Business,0
L00139,C02580,4327590,Business,0
L00140,C00678,3858550,Auto,0
L00141,C01450,2180255,Home,0
L00142,C03409,750772,Personal,1
L00143,C00461,4465686,Home,1
L00144,C00738,386351,Auto,1
L00145,C01933,4015413,Personal,0
L00146,C02093,4054104,Personal,0
L00147,C02973,4286209,Home,0
L00148,C01709,1999740,Business,0
L00149,C03376,3563494,Home,1
L00150,C00999,2169382,Personal,0
L00151,C02784,1001094,Auto,0
L00152,C03935,3869604,Personal,0
L00153,C04535,3653304,Auto,1
L00154,C03618,371849,Auto,1
L00155,C02450,3624812,Personal,1
L00156,C03735,410909,Auto,0
L00157,C02170,2987844,Business,0
L00158,C00188,2449450,Business,0
L00159,C02466,2187251,Auto,0
L00160,C03822,3384955,Auto,0
L00161,C03466,1460891,Business,1
L00162,C02113,545517,Personal,1
L00163,C04653,707414,Business,0
L00164,C04977,544598,Home,0
L00165,C01827,4625291,Business,0
L00166,C03992,1605788,Home,0
L00167,C01623,3264479,Home,0
L00168,C01661,3592220,Personal,0
L00169,C04097,1567130,Auto,0
L00170,C03063,831052,Business,0
L00171,C01828,1948124,Auto,0
L00172,C00468,1861410,Business,0
L00173,C01430,1400817,Personal,1
L00174,C01363,1163129,Auto,0
L00175,C00700,202274,Personal,0
L00176,C02114,2132215,Personal,0
L00177,C01210,961797,Business,1
L00178,C03260,4168047,Business,1
L00179,C03574,3576767,Business,0
L00180,C01223,4405875,Personal,0
L00181,C01189,3995618,Business,1
L00182,C03326,2612238,Home,0
L00183,C02611,3011139,Auto,1
L00184,C03997,3836214,Home,1
L00185,C04542,3279175,Business,0
L00186,C01728,2749946,Business,0
L00187,C04376,1164641,Auto,1
L00188,C01329,2682647,Personal,1
L00189,C03704,4413922,Home,0
L00190,C04889,2571807,Auto,0
L00191,C01886,2723205,Business,0
L00192,C04325,3174236,Business,0
L00193,C02899,2308324,Personal,0
L00194,C01391,1434095,Auto,0
L00195,C04862,2359767,Business,0
L00196,C00450,1266857,Auto,0
L00197,C01289,673648,Home,0
L00198,C00707,271663,Home,0
L00199,C04253,722386,Auto,0
L00200,C01683,2265038,Business,1
L00201,C04838,3122398,Auto,0
L00202,C04499,2568572,Personal,0
L00203,C00741,3291712,Business,0
L00204,C04158,3864869,Auto,0
L00205,C02747,1882027,Auto,0
L00206,C01149,2329634,Business,0
L00207,C04212,4566438,Business,1
L00208,C04070,869111,Business,0
L00209,C02244,2541021,Auto,0
L00210,C03909,1270395,Home,0
L00211,C01869,2110034,Home,0
L00212,C02350,4010437,Business,0
L00213,C03944,2206753,Auto,0
L00214,C04110,4887076,Home,0
L00215,C01031,3294497,Home,1
L00216,C01544,1329591,Business,0
L00217,C03349,800181,Business,1
L00218,C03364,2813972,Business,0
L00219,C00087,3771778,Personal,0
L00220,C02539,686680,Business,1
L00221,C03596,1663409,Personal,1
L00222,C00908,4975961,Business,0
L00223,C04212,4245593,Auto,0
L00224,C03261,3374777,Home,0
L00225,C03425,4780441,Personal,1
L00226,C02068,2285766,Business,0
L00227,C03310,3094068,Auto,0
L00228,C04599,2186212,Home,0
L00229,C00729,4053977,Personal,0
L00230,C02811,599470,Personal,0
L00231,C02702,1732013,Home,0
L00232,C03375,4827644,Auto,0
L00233,C02378,1250551,Auto,0
L00234,C00421,666426,Home,0
L00235,C02603,105129,Home,1
L00236,C03961,1142690,Business,1
L00237,C03482,4012639,Auto,0
L00238,C03242,3729670,Auto,0
L00239,C04153,3583103,Business,1
L00240,C00543,1954539,Auto,0
L00241,C01355,54088,Auto,0
L00242,C03693,4822574,Business,0
L00243,C01447,401376,Business,0
L00244,C02777,2564957,Home,1
L00245,C00232,1589157,Personal,0
L00246,C00995,1004333,Home,0
L00247,C01990,4195963,Home,1
L00248,C03048,4768900,Home,0
L00249,C00745,4879638,Home,0
L00250,C03269,3404740,Personal,0
L00251,C02881,332198,Personal,1
L00252,C02597,466136,Auto,0
L00253,C00948,1712128,Business,1
L00254,C02791,1079105,Auto,0
L00255,C02945,701266,Business,0
L00256,C02245,4974253,Business,0
L00257,C01913,4872144,Auto,0
L00258,C01875,1777397,Personal,0
L00259,C01693,2749340,Auto,1
L00260,C00524,1181962,Personal,0
L00261,C00843,3580942,Business,0
L00262,C00837,1294097,Auto,0
L00263,C00349,2756927,Business,0
L00264,C03023,4819473,Home,0
L00265,C00146,3081298,Business,0
L00266,C03896,2248090,Auto,0
L00267,C01757,796384,Home,0
L00268,C04161,881089,Home,0
L00269,C04458,1595987,Auto,0
L00270,C04971,1151940,Auto,0
L00271,C04030,3837729,Home,0
L00272,C00522,2937098,Business,0
L00273,C01724,1463379,Home,0
L00274,C01457,3941589,Personal,0
L00275,C00819,4885451,Business,0
L00276,C02686,699717,Auto,0
L00277,C03851,4001481,Auto,0
L00278,C00977,406198,Home,0
L00279,C00228,267602,Personal,0
L00280,C03283,1349739,Auto,0
L00281,C04904,195418,Auto,0
L00282,C03697,2634365,Business,1
L00283,C02468,378481,Home,0
L00284,C01519,928458,Auto,1
L00285,C02662,271789,Home,0
L00286,C04781,3954110,Auto,0
L00287,C04015,2466929,Personal,1
L00288,C03206,4402939,Personal,1
L00289,C04929,3053328,Auto,0
L00290,C03060,3701939,Personal,1
L00291,C01823,3436295,Home,0
L00292,C03050,117489,Auto,0
L00293,C03793,465276,Business,0
L00294,C00495,1815156,Business,0
L00295,C04875,3315961,Business,0
L00296,C02444,3618264,Business,0
L00297,C03635,3806483,Home,1
L00298,C01395,1231373,Business,1
L00299,C04131,1257720,Personal,0
L00300,C03576,550600,Auto,1
L00301,C04313,4412070,Auto,0
L00302,C02287,1278182,Business,0
L00303,C01201,1901425,Home,1
L00304,C04630,4714594,Business,0
L00305,C01930,2399061,Business,0
L00306,C02352,462659,Home,1
L00307,C03298,1775257,Home,1
L00308,C01042,3732643,Business,1
L00309,C01521,4076854,Personal,1
L00310,C02710,3423702,Auto,0
L00311,C02358,1311710,Auto,0
L00312,C02588,4962445,Auto,1
L00313,C04216,4876667,Home,0
L00314,C02428,4643983,Personal,0
L00315,C01446,4846416,Home,1
L00316,C00222,134726,Auto,0
L00317,C00821,1358783,Home,0
L00318,C00383,3500034,Personal,0
L00319,C02999,2266174,Auto,0
L00320,C04139,4915573,Personal,0
L00321,C03614,3783694,Business,0
L00322,C02544,2104403,Home,1
L00323,C02068,992869,Home,0
L00324,C04885,1529542,Auto,0
L00325,C03649,1262772,Business,0
L00326,C01485,3365435,Home,1
L00327,C04293,488797,Home,0
L00328,C03273,4954003,Business,0
L00329,C00066,2891800,Auto,1
L00330,C03497,2111335,Business,0
L00331,C02742,2326118,Home,1
L00332,C02575,1242667,Home,0
L00333,C00015,825772,Business,1
L00334,C00688,2269068,Auto,0
L00335,C04759,317410,Business,1
L00336,C02679,328393,Personal,0
L00337,C03411,4936130,Personal,0
L00338,C04729,3710194,Auto,0
L00339,C00835,2757946,Auto,0
L00340,C00272,695237,Business,1
L00341,C04596,4051318,Personal,0
L00342,C02183,2461261,Personal,0
L00343,C01443,1291441,Home,0
L00344,C00965,1946436,Home,1
L00345,C01186,2587756,Auto,0
L00346,C03543,327782,Business,0
L00347,C04732,2780020,Business,0
L00348,C00147,2046470,Auto,0
L00349,C02325,1514664,Personal,1
L00350,C04186,1426370,Personal,1
L00351,C01939,2975285,Personal,0
L00352,C03287,3431618,Personal,0
L00353,C04961,2986828,Auto,0
L00354,C02257,1118338,Business,0
L00355,C00701,2994485,Home,0
L00356,C03309,2722735,Home,0
L00357,C02586,3653728,Auto,1
L00358,C04000,1864725,Business,0
L00359,C01811,4830728,Business,0
L00360,C03884,4631776,Auto,0
L00361,C04480,3818673,Home,0
L00362,C04878,3279573,Auto,0
L00363,C04070,1597053,Auto,0
L00364,C01804,2303360,Personal,1
L00365,C03033,1174464,Business,1
L00366,C01912,3972828,Business,0
L00367,C04364,1021090,Personal,0
L00368,C02785,3609631,Personal,0
L00369,C02782,1445265,Auto,1
L00370,C00580,941664,Auto,0
L00371,C01605,1627729,Home,1
L00372,C01544,4845744,Auto,0
L00373,C04337,3870895,Auto,0
L00374,C03301,1275620,Home,0
L00375,C02406,3007364,Personal,0
L00376,C03437,4399488,Auto,0
L00377,C03937,3334737,Business,0
L00378,C02656,1138407,Home,1
L00379,C01448,4659184,Business,0
L00380,C02349,1193743,Personal,1
L00381,C04135,794649,Personal,0
L00382,C00161,686677,Home,1
L00383,C00940,3319117,Personal,0
L00384,C03937,4392958,Business,1
L00385,C03804,1656474,Home,1
L00386,C02530,1157662,Auto,0
L00387,C04862,1008051,Home,0
L00388,C03088,1343034,Personal,1
L00389,C03390,1925425,Personal,0
L00390,C00642,3453607,Home,0
L00391,C02030,3838475,Home,1
L00392,C01217,4973298,Home,0
L00393,C01924,4182235,Personal,0
L00394,C03199,3024837,Personal,0
L00395,C02924,3425226,Home,1
L00396,C04861,2468333,Auto,0
L00397,C02407,1963686,Personal,0
L00398,C04335,1157219,Business,0
L00399,C03302,3941356,Business,0
L00400,C03686,1573836,Home,1
L00401,C01775,4203846,Personal,1
L00402,C01695,970294,Home,0
L00403,C03057,785411,Business,0
L00404,C00784,1232386,Home,1
L00405,C04520,4896574,Personal,1
L00406,C03345,4232632,Business,0
L00407,C00685,3440791,Home,0
L00408,C02293,1734707,Personal,0
L00409,C04002,921997,Personal,0
L00410,C00929,195092,Personal,1
L00411,C02134,2196633,Auto,0
L00412,C03750,4947506,Business,0
L00413,C02768,1979616,Business,0
L00414,C01439,1384447,Business,0
L00415,C03154,4635490,Personal,0
L00416,C04546,1202629,Business,0
L00417,C00202,1872596,Business,0
L00418,C00750,172880,Business,0
L00419,C04187,1246702,Personal,0
L00420,C02677,1947713,Home,0
L00421,C02935,3792683,Business,0
L00422,C04916,1551922,Home,1
L00423,C04862,4657357,Business,0
L00424,C03512,973202,Auto,0
L00425,C00700,3615348,Home,1
L00426,C04854,4908848,Home,0
L00427,C02675,1576678,Auto,0
L00428,C01919,2042062,Home,1
L00429,C04321,1099227,Auto,0
L00430,C03422,4956963,Home,0
L00431,C01054,2409822,Personal,0
L00432,C03139,2094972,Home,0
L00433,C04290,1987249,Auto,0
L00434,C03651,2199666,Home,0
L00435,C04889,129183,Business,0
L00436,C03279,1768406,Business,0
L00437,C03611,3337641,Business,0
L00438,C01847,816250,Home,0
L00439,C04650,2222833,Home,0
L00440,C01165,1019039,Home,0
L00441,C02421,3357612,Home,0
L00442,C04214,4902807,Auto,1
L00443,C04974,1318325,Home,0
L00444,C04441,1165282,Personal,0
L00445,C02192,1425257,Auto,0
L00446,C01058,4926752,Auto,0
L00447,C01815,4194682,Home,0
L00448,C02210,3259566,Home,1
L00449,C00156,2813044,Home,1
L00450,C01023,883582,Auto,0
L00451,C00199,4973330,Auto,1
L00452,C03572,4468514,Personal,0
L00453,C02213,687687,Personal,0
L00454,C01563,4905211,Auto,0
L00455,C04122,3175360,Auto,0
L00456,C03231,3949283,Home,0
L00457,C02015,4496257,Auto,0
L00458,C00571,755972,Business,0
L00459,C00685,54141,Business,0
L00460,C02685,578138,Personal,0
L00461,C00085,1601252,Auto,1
L00462,C00195,1723728,Personal,0
L00463,C04907,836298,Business,0
L00464,C04328,3605525,Personal,0
L00465,C02449,198467,Auto,0
L00466,C01768,4488975,Home,0
L00467,C01791,1797254,Personal,1
L00468,C02290,4454017,Business,0
L00469,C04778,3749358,Auto,0
L00470,C03978,1831880,Business,0
L00471,C04129,4648426,Personal,0
L00472,C02834,4828156,Business,0
L00473,C03283,3428071,Personal,0
L00474,C04920,3941924,Auto,1
L00475,C00871,1427079,Auto,0
L00476,C00914,3089328,Personal,0
L00477,C02806,2063293,Auto,0
L00478,C04196,2150016,Auto,0
L00479,C02764,54389,Auto,0
L00480,C00208,1527557,Auto,0
L00481,C01681,906147,Personal,0
L00482,C04242,769292,Home,1
L00483,C00892,4483905,Personal,0
L00484,C04055,554369,Business,0
L00485,C03232,4269387,Business,1
L00486,C01553,4432573,Home,1
L00487,C00875,1554367,Auto,0
L00488,C01975,1242595,Auto,0
L00489,C02558,2687332,Personal,0
L00490,C02194,4074201,Personal,0
L00491,C04207,1353308,Auto,0
L00492,C03293,4676583,Home,1
L00493,C02697,2978885,Business,0
L00494,C03548,2215791,Personal,1
L00495,C03759,4875541,Personal,0
L00496,C03057,2007217,Home,0
L00497,C04264,787903,Personal,0
L00498,C04035,500104,Business,0
L00499,C01494,2776974,Auto,0
L00500,C02605,2698417,Business,0
L00501,C02191,3707947,Home,0
L00502,C04033,3488896,Business,0
L00503,C01091,690803,Auto,0
L00504,C02916,4006437,Auto,1
L00505,C00050,2206965,Business,0
L00506,C01156,3312391,Home,0
L00507,C04790,3994234,Personal,0
L00508,C02525,837702,Personal,0
L00509,C00830,4571290,Personal,0
L00510,C00379,65558,Auto,1
L00511,C03356,3301702,Home,0
L00512,C00020,1936713,Auto,0
L00513,C03599,4125294,Home,0
L00514,C01124,3871184,Auto,0
L00515,C03343,3346257,Business,0
L00516,C01170,1277418,Personal,0
L00517,C00633,223765,Auto,1
L00518,C03291,3358883,Business,0
L00519,C03090,205898,Business,0
L00520,C03771,3531322,Auto,1
L00521,C01774,675902,Auto,0
L00522,C01385,1273559,Auto,0
L00523,C04559,685269,Personal,0
L00524,C00012,1756149,Business,1
L00525,C00158,4726455,Business,0
L00526,C01251,4562432,Home,0
L00527,C03931,3085179,Home,0
L00528,C03552,2610518,Business,0
L00529,C03287,2687702,Business,0
L00530,C01301,1766648,Auto,0
L00531,C03908,693302,Auto,1
L00532,C01198,2059977,Home,0
L00533,C03084,2327082,Home,0
L00534,C00681,4504945,Personal,0
L00535,C04463,3469790,Auto,0
L00536,C02296,288426,Auto,0
L00537,C04664,2459655,Personal,0
L00538,C00867,3027481,Business,0
L00539,C03840,2088222,Personal,1
L00540,C04657,4548213,Home,0
L00541,C03490,1775826,Auto,1
L00542,C03640,4328497,Business,0
L00543,C00244,1195290,Home,1
L00544,C01829,2910172,Home,0
L00545,C01311,2824288,Home,0
L00546,C03942,3300773,Business,0
L00547,C00681,593010,Home,1
L00548,C00746,892855,Home,1
L00549,C00554,2420888,Personal,1
L00550,C01862,2013269,Home,1
L00551,C03925,853332,Personal,1
L00552,C01956,2069057,Auto,1
L00553,C02605,2819102,Business,0
L00554,C03188,4910278,Auto,0
L00555,C02389,4667934,Home,1
L00556,C02502,4792315,Personal,0
L00557,C01006,2644532,Business,0
L00558,C00461,3699563,Home,0
L00559,C01529,3822835,Home,0
L00560,C02311,1975254,Personal,0
L00561,C01397,3061683,Personal,0
L00562,C02138,1530636,Personal,0
L00563,C04032,210835,Personal,0
L00564,C02897,2566785,Personal,0
L00565,C01800,2984539,Personal,0
L00566,C04345,780396,Auto,0
L00567,C02853,2111541,Home,0
L00568,C00654,671393,Home,1
L00569,C02542,754860,Personal,1
L00570,C03717,1803954,Personal,0
L00571,C03240,313165,Home,0
L00572,C00380,216418,Home,0
L00573,C01145,2646577,Personal,0
L00574,C00160,3740381,Business,0
L00575,C00212,1628046,Business,0
L00576,C03481,589950,Personal,0
L00577,C03771,2275543,Auto,0
L00578,C00134,3260710,Personal,0
L00579,C00685,3648986,Home,1
L00580,C01510,2424663,Auto,0
L00581,C01930,3062727,Business,0
L00582,C03689,3228224,Personal,1
L00583,C03583,299132,Business,0
L00584,C00107,4137899,Business,1
L00585,C04959,4465315,Auto,1
L00586,C04396,1148121,Personal,0
L00587,C03542,2527623,Business,0
L00588,C01445,4171859,Business,1
L00589,C03461,4696589,Home,0
L00590,C01257,538353,Home,0
L00591,C02490,172623,Auto,0
L00592,C03960,4023489,Auto,0
L00593,C00897,2945080,Business,1
L00594,C04915,3653608,Auto,0
L00595,C04386,3950749,Auto,0
L00596,C01406,3131703,Business,0
L00597,C01440,4637646,Auto,0
L00598,C00478,2243818,Auto,1
L00599,C00835,3355417,Home,0
L00600,C00232,1117422,Personal,0
L00601,C00776,534384,Auto,0
L00602,C04772,3359222,Home,1
L00603,C02372,3356325,Personal,0
L00604,C04804,3913075,Business,0
L00605,C03245,2566340,Home,1
L00606,C00379,2277556,Personal,0
L00607,C00332,2283357,Home,0
L00608,C01195,4713205,Business,0
L00609,C02912,4269495,Personal,0
L00610,C03393,4767624,Auto,0
L00611,C03665,1410994,Auto,0
L00612,C04559,4814658,Personal,0
L00613,C00033,248569,Personal,0
L00614,C01972,4635528,Personal,1
L00615,C02589,858134,Home,0
L00616,C02088,287230,Personal,0
L00617,C03211,2145744,Home,0
L00618,C00869,4193089,Home,0
L00619,C01587,2385696,Auto,1
L00620,C01853,3719607,Home,0
L00621,C04417,3710280,Business,0
L00622,C02893,86947,Auto,0
L00623,C03237,3359183,Home,0
L00624,C00189,661297,Personal,0
L00625,C00862,1305401,Auto,0
L00626,C03867,502913,Business,1
L00627,C04868,3654211,Auto,0
L00628,C03960,3022060,Business,0
L00629,C01478,4329540,Personal,0
L00630,C02724,1112502,Business,0
L00631,C04193,2305259,Home,0
L00632,C00191,1471607,Home,0
L00633,C02925,3445718,Personal,1
L00634,C00593,3049735,Home,0
L00635,C03232,3225198,Personal,0
L00636,C00615,486054,Personal,0
L00637,C04786,1708334,Home,0
L00638,C02653,714676,Personal,0
L00639,C04500,4339898,Home,0
L00640,C02129,611584,Auto,0
L00641,C00084,2133177,Home,1
L00642,C02453,4317116,Home,0
L00643,C00342,1686915,Home,1
L00644,C03338,1009890,Auto,0
L00645,C01715,4677176,Business,0
L00646,C01030,720229,Personal,1
L00647,C02263,2896285,Business,0
L00648,C04704,3979459,Personal,0
L00649,C02760,3389934,Personal,0
L00650,C02609,1109810,Personal,0
L00651,C03463,977117,Personal,1
L00652,C00986,696762,Business,0
L00653,C03570,1465294,Auto,1
L00654,C03570,2199215,Business,1
L00655,C02131,4351431,Home,0
L00656,C04482,4343065,Home,0
L00657,C04492,2832820,Business,1
L00658,C04006,1250952,Personal,0
L00659,C00203,4101691,Personal,0
L00660,C02658,2262026,Business,0
L00661,C03402,137005,Home,0
L00662,C02264,2511695,Business,0
L00663,C03267,2804321,Business,0
L00664,C04693,3555697,Auto,1
L00665,C04243,4018539,Business,0
L00666,C00906,1537906,Business,1
L00667,C00203,1858142,Auto,0
L00668,C04910,2350650,Business,0
L00669,C04419,4416641,Home,0
L00670,C04531,1136193,Personal,0
L00671,C03566,3082904,Personal,1
L00672,C03994,1855889,Business,1
L00673,C02357,2731181,Auto,0
L00674,C03293,1724548,Personal,1
L00675,C01746,2438941,Auto,0
L00676,C03996,2239423,Business,0
L00677,C01971,2037859,Home,0
L00678,C00056,2558775,Business,0
L00679,C04233,2951571,Auto,0
L00680,C04146,2378128,Auto,0
L00681,C01795,957099,Home,1
L00682,C02349,4347345,Home,0
L00683,C03381,1872485,Business,0
L00684,C00590,4147478,Personal,1
L00685,C03736,2039226,Home,1
L00686,C03846,1762867,Personal,0
L00687,C02229,3539595,Auto,0
L00688,C03024,3699444,Business,0
L00689,C03479,721853,Business,1
L00690,C03355,238305,Auto,0
L00691,C03500,1986563,Home,0
L00692,C03170,2772271,Business,1
L00693,C00739,4487825,Auto,1
L00694,C02592,3289750,Auto,0
L00695,C04288,4985749,Business,0
L00696,C01878,3596005,Home,0
L00697,C03330,1596527,Home,0
L00698,C02587,1972754,Personal,1
L00699,C01122,2394461,Auto,1
L00700,C03254,1408096,Home,0
L00701,C02298,4443384,Home,0
L00702,C00741,1258634,Auto,0
L00703,C03072,3702071,Home,0
L00704,C00752,4634905,Personal,0
L00705,C03059,4948348,Business,0
L00706,C02683,4973152,Home,0
L00707,C00702,3543708,Personal,0
L00708,C01806,233085,Auto,0
L00709,C03264,1471463,Home,1
L00710,C00088,1077923,Personal,0
L00711,C03002,3701522,Home,1
L00712,C03243,4121929,Business,0
L00713,C03046,3331698,Auto,0
L00714,C00505,2460722,Business,0
L00715,C00188,479346,Home,0
L00716,C04154,3000915,Business,0
L00717,C03343,951120,Personal,0
L00718,C04514,678045,Auto,1
L00719,C03297,704049,Business,0
L00720,C01210,2228371,Business,0
L00721,C02649,1388865,Home,0
L00722,C04410,1002227,Business,0
L00723,C03538,1258442,Auto,0
L00724,C03245,2025189,Auto,0
L00725,C02969,4737692,Home,0
L00726,C01896,3773684,Home,1
L00727,C03837,3016975,Personal,1
L00728,C03418,1996023,Business,0
L00729,C02765,817068,Auto,0
L00730,C01991,4061260,Auto,0
L00731,C00044,466206,Auto,0
L00732,C03411,1992692,Auto,1
L00733,C02413,4098783,Home,0
L00734,C01604,124661,Home,0
L00735,C00470,694637,Auto,0
L00736,C01446,2203528,Auto,0
L00737,C00898,1848742,Personal,0
L00738,C00401,1664020,Business,1
L00739,C03188,3462032,Personal,0
L00740,C03565,602045,Business,0
L00741,C01489,483051,Auto,1
L00742,C03550,2394908,Home,0
L00743,C04335,2980365,Auto,0
L00744,C04335,2051119,Auto,0
L00745,C04263,3236318,Auto,1
L00746,C01330,2877962,Business,0
L00747,C04227,4637811,Business,0
L00748,C01841,4332964,Auto,0
L00749,C00736,381542,Auto,0
L00750,C02504,2824108,Business,0
L00751,C00669,2380486,Personal,0
L00752,C03064,112134,Business,0
L00753,C04388,2905811,Business,0
L00754,C04904,3788364,Business,0
L00755,C03361,2376433,Business,0
L00756,C01028,3414360,Home,0
L00757,C00459,1871702,Home,0
L00758,C00176,3732954,Personal,0
L00759,C02194,3637416,Auto,1
L00760,C03499,2240127,Home,0
L00761,C00174,161068,Auto,0
L00762,C00203,714009,Business,0
L00763,C00125,4610991,Home,1
L00764,C00016,2095888,Home,0
L00765,C04689,2761674,Auto,0
L00766,C01132,215829,Business,1
L00767,C02622,4659725,Business,0
L00768,C04922,2992454,Business,1
L00769,C04421,1943402,Personal,0
L00770,C01524,960403,Business,0
L00771,C01845,3628890,Home,0
L00772,C04075,3753481,Home,0
L00773,C00544,4689892,Auto,1
L00774,C04079,180435,Home,0
L00775,C00421,837642,Home,0
L00776,C01245,2306510,Home,0
L00777,C04608,2305713,Home,0
L00778,C00414,2921551,Auto,1
L00779,C00494,3169537,Business,0
L00780,C04136,289617,Auto,0
L00781,C01188,2391488,Auto,1
L00782,C01561,514008,Personal,0
L00783,C01105,275281,Business,0
L00784,C00917,76586,Personal,0
L00785,C03443,4440867,Auto,0
L00786,C01241,3468283,Home,0
L00787,C01005,462864,Business,0
L00788,C00330,744777,Personal,0
L00789,C04153,1663527,Personal,0
L00790,C00897,2814820,Auto,0
L00791,C00215,4119788,Business,0
L00792,C04256,532580,Business,0
L00793,C01611,1072727,Auto,0
L00794,C03607,4996583,Home,0
L00795,C01660,3150705,Business,1
L00796,C04091,4458211,Business,0
L00797,C00529,2603888,Business,0
L00798,C03554,2071630,Home,0
L00799,C04605,3454645,Business,0
L00800,C02707,2167959,Home,1
L00801,C01714,1348593,Home,1
L00802,C01527,2971601,Personal,0
L00803,C02005,4747631,Home,0
L00804,C02740,1930055,Auto,0
L00805,C02417,3075736,Personal,0
L00806,C02329,2620515,Auto,1
L00807,C01439,879345,Personal,1
L00808,C01623,1997820,Auto,0
L00809,C04921,264414,Personal,0
L00810,C00579,1903001,Home,0
L00811,C00182,1088691,Auto,0
L00812,C00162,2923795,Business,0
L00813,C02833,2320658,Home,0
L00814,C03202,259988,Business,1
L00815,C00937,3482399,Business,0
L00816,C04435,3578419,Business,0
L00817,C04274,4827898,Auto,1
L00818,C04651,131324,Auto,1
L00819,C04140,1572229,Personal,0
L00820,C01443,458605,Business,0
L00821,C02021,2320806,Personal,0
L00822,C04052,1450719,Auto,0
L00823,C00694,2514316,Business,0
L00824,C00781,1277637,Home,0
L00825,C01142,3962709,Home,0
L00826,C03108,52456,Auto,0
L00827,C02892,3188280,Business,0
L00828,C04713,2319146,Business,0
L00829,C04313,4604580,Personal,1
L00830,C02516,1936644,Business,0
L00831,C02445,1768726,Business,0
L00832,C01264,145669,Auto,0
L00833,C03195,4666995,Home,1
L00834,C01709,3594874,Personal,0
L00835,C00585,3737721,Business,0
L00836,C01831,3580508,Home,0
L00837,C00048,2508755,Auto,1
L00838,C00037,4420813,Home,0
L00839,C02224,4917415,Auto,1
L00840,C01778,1382647,Auto,0
L00841,C01166,4437358,Home,0
L00842,C01504,4802116,Home,0
L00843,C00911,4710305,Personal,0
L00844,C03446,3702937,Home,0
L00845,C03749,1646987,Business,0
L00846,C04239,3368672,Auto,0
L00847,C03188,4559580,Auto,1
L00848,C00146,2699912,Home,0
L00849,C01814,4418912,Personal,1
L00850,C02620,3273999,Home,0
L00851,C02501,1975080,Business,1
L00852,C03204,2746844,Personal,0
L00853,C03736,1338644,Home,0
L00854,C02603,1719357,Auto,1
L00855,C04802,1664855,Personal,0
L00856,C00583,2162100,Personal,1
L00857,C00344,764509,Business,0
L00858,C04609,2076196,Business,0
L00859,C04733,1907341,Home,0
L00860,C04833,390022,Personal,0
L00861,C00141,2547877,Auto,0
L00862,C04957,3205697,Personal,0
L00863,C00044,3267771,Home,0
L00864,C01425,1170447,Auto,0
L00865,C04965,4598008,Auto,0
L00866,C02933,4895397,Auto,0
L00867,C04388,945128,Home,0
L00868,C01227,2830902,Business,0
L00869,C00882,3153755,Business,1
L00870,C01115,248719,Home,0
L00871,C03042,1610623,Auto,0
L00872,C00525,2049572,Business,1
L00873,C02986,1178871,Personal,0
L00874,C04366,1855404,Business,0
L00875,C00211,4968475,Business,0
L00876,C03341,1996752,Auto,1
L00877,C00110,2321838,Home,0
L00878,C02880,4361125,Auto,0
L00879,C01316,4636182,Auto,0
L00880,C00931,2910557,Business,0
L00881,C03855,384583,Auto,0
L00882,C02120,651316,Auto,0
L00883,C00271,1952064,Home,0
L00884,C00816,1015800,Auto,1
L00885,C02777,956044,Personal,1
L00886,C03445,4905243,Home,0
L00887,C04028,4869159,Business,1
L00888,C02286,1164956,Home,0
L00889,C00276,1316075,Personal,0
L00890,C01075,815713,Business,1
L00891,C04187,4587660,Home,0
L00892,C01455,4434501,Home,1
L00893,C01856,751703,Business,0
L00894,C02454,2499805,Auto,0
L00895,C02981,4367089,Business,0
L00896,C04053,4474073,Auto,1
L00897,C03043,2468023,Business,0
L00898,C04504,3551767,Business,1
L00899,C03967,142987,Auto,0
L00900,C04313,3143987,Business,0
L00901,C01156,4324717,Auto,0
L00902,C03106,834222,Personal,1
L00903,C04505,1606507,Home,0
L00904,C00528,2230241,Personal,0
L00905,C00520,216354,Home,0
L00906,C02285,4253837,Auto,0
L00907,C00529,4862525,Auto,0
L00908,C03018,4437465,Home,0
L00909,C02441,3664957,Personal,0
L00910,C03240,3415283,Business,0
L00911,C03584,1069944,Personal,0
L00912,C00395,4840028,Personal,0
L00913,C03429,4499163,Business,0
L00914,C00957,760529,Home,1
L00915,C02919,2226824,Auto,0
L00916,C03963,1515437,Home,0
L00917,C03643,956913,Business,0
L00918,C01191,1254102,Home,1
L00919,C04261,3111886,Home,0
L00920,C00779,2295928,Home,1
L00921,C04814,3555969,Home,0
L00922,C02469,3994391,Home,0
L00923,C02840,742617,Personal,0
L00924,C02822,541386,Auto,0
L00925,C03939,1624971,Personal,0
L00926,C00387,3431821,Home,1
L00927,C00888,2293030,Business,1
L00928,C03361,2387262,Home,0
L00929,C00367,1871032,Auto,1
L00930,C00292,4011137,Home,0
L00931,C04968,1653808,Auto,1
L00932,C02794,1976348,Personal,1
L00933,C04313,1244521,Business,1
L00934,C03688,4973063,Auto,0
L00935,C00189,720004,Auto,0
L00936,C00695,2926615,Home,0
L00937,C03516,3065952,Personal,1
L00938,C02902,2591329,Auto,0
L00939,C03533,4578795,Personal,0
L00940,C01693,655933,Home,0
L00941,C03292,2425978,Business,0
L00942,C03428,234003,Business,0
L00943,C02621,573001,Personal,0
L00944,C03353,761545,Auto,0
L00945,C02100,1321831,Business,0
L00946,C01110,183778,Personal,0
L00947,C00358,1588992,Auto,0
L00948,C01612,3945809,Home,0
L00949,C00095,4647217,Home,1
L00950,C02765,4945888,Personal,1
L00951,C00314,2094257,Auto,1
L00952,C04163,1672637,Auto,1
L00953,C00743,4392939,Home,1
L00954,C02678,593591,Personal,0
L00955,C00603,3267404,Business,0
L00956,C02413,1886218,Home,1
L00957,C03596,3187344,Personal,1
L00958,C02370,4928628,Business,0
L00959,C02097,2344974,Personal,0
L00960,C03424,1925212,Auto,0
L00961,C01005,1558480,Auto,0
L00962,C00549,1219407,Personal,0
L00963,C03275,710912,Home,1
L00964,C00578,1210459,Auto,1
L00965,C01958,1390128,Business,0
L00966,C04815,2270038,Business,1
L00967,C03134,859124,Business,0
L00968,C01252,54103,Business,0
L00969,C02580,3791195,Auto,1
L00970,C04766,1143540,Personal,1
L00971,C03088,4247619,Auto,0
L00972,C02377,1964975,Personal,0
L00973,C01494,780650,Business,0
L00974,C04380,2135785,Auto,0
L00975,C04265,3388318,Home,0
L00976,C00415,2083104,Home,0
L00977,C03582,4055931,Personal,0
L00978,C01680,2477344,Auto,0
L00979,C00243,2965091,Auto,0
L00980,C01800,2898066,Auto,0
L00981,C02605,2583924,Personal,1
L00982,C04302,3122065,Personal,1
L00983,C04900,3752851,Home,1
L00984,C00356,1796853,Business,0
L00985,C03188,2813037,Auto,1
L00986,C02188,2603542,Home,0
L00987,C02463,1398948,Home,0
L00988,C01532,4976739,Auto,0
L00989,C00133,4500823,Personal,0
L00990,C01689,4556910,Personal,0
L00991,C02079,1044772,Business,1
L00992,C04737,2758618,Business,0
L00993,C03370,3061356,Home,1
L00994,C04914,1321012,Personal,0
L00995,C00008,681464,Home,0
L00996,C01659,100115,Business,0
L00997,C00610,4448265,Home,0
L00998,C03725,3247347,Personal,1
L00999,C04892,3260014,Personal,0
L01000,C04915,3320511,Home,0
L01001,C00594,1271710,Business,0
L01002,C02161,2783314,Auto,0
L01003,C04891,1190832,Auto,0
L01004,C00693,4305277,Home,1
L01005,C01216,3957256,Personal,0
L01006,C01560,4372179,Home,1
L01007,C04696,270448,Personal,0
L01008,C01135,2514849,Home,1
L01009,C00886,4677083,Personal,0
L01010,C02949,3690689,Auto,1
L01011,C04411,3509613,Business,1
L01012,C01669,2708767,Auto,1
L01013,C01283,3890598,Business,0
L01014,C00702,451579,Auto,0
L01015,C03685,3009526,Personal,0
L01016,C03931,4126460,Business,1
L01017,C03921,2411148,Business,0
L01018,C04337,1742201,Personal,1
L01019,C01158,3312419,Personal,0
L01020,C03822,3158626,Auto,1
L01021,C01403,4838701,Business,0
L01022,C00878,4320145,Personal,0
L01023,C04856,2942726,Auto,1
L01024,C04960,2525153,Home,0
L01025,C01264,2411218,Personal,0
L01026,C02866,1148858,Home,0
L01027,C03530,3197635,Personal,0
L01028,C03004,3638924,Auto,0
L01029,C00743,2058564,Business,0
L01030,C01548,2615887,Home,1
L01031,C01416,1915720,Personal,1
L01032,C01785,1295000,Auto,0
L01033,C02049,4069172,Home,0
L01034,C00069,4236020,Business,0
L01035,C01500,752206,Auto,1
L01036,C04222,3542342,Auto,0
L01037,C03997,2226055,Home,0
L01038,C04605,2631150,Personal,0
L01039,C00045,694682,Business,1
L01040,C03514,2672451,Personal,0
L01041,C02474,3868716,Home,1
L01042,C00074,2680521,Personal,0
L01043,C03294,1120224,Auto,0
L01044,C02480,4985437,Business,1
L01045,C00154,677420,Home,0
L01046,C04877,1981903,Personal,0
L01047,C00792,4134622,Business,0
L01048,C02510,403295,Personal,0
L01049,C00506,1161345,Personal,0
L01050,C01714,1053592,Home,0
L01051,C04361,1386027,Home,0
L01052,C00375,675375,Home,0
L01053,C00856,2673576,Business,0
L01054,C03848,1753813,Personal,0
L01055,C04534,306372,Personal,0
L01056,C04389,1079690,Home,1
L01057,C01626,4413556,Personal,0
L01058,C02496,2075047,Home,0
L01059,C02405,4728930,Home,0
L01060,C00460,3764097,Home,0
L01061,C04827,1776986,Personal,0
L01062,C04118,776090,Auto,0
L01063,C01926,2303886,Auto,1
L01064,C02072,3302000,Home,0
L01065,C00782,2979653,Personal,0
L01066,C03518,2367065,Business,1
L01067,C04325,2586035,Auto,0
L01068,C02559,3183729,Personal,0
L01069,C02919,990900,Home,0
L01070,C03554,528941,Business,0
L01071,C00981,217113,Home,1
L01072,C02804,1198368,Home,1
L01073,C02383,1839067,Auto,1
L01074,C04879,1858669,Personal,0
L01075,C03880,1081475,Business,0
L01076,C00825,4660631,Business,0
L01077,C01272,4146896,Auto,1
L01078,C03703,870652,Personal,1
L01079,C02349,1464278,Auto,0
L01080,C02432,2914065,Personal,1
L01081,C03670,4264163,Business,1
L01082,C01876,3915768,Personal,0
L01083,C04292,814273,Personal,0
L01084,C00654,4793543,Personal,0
L01085,C04990,945058,Home,0
L01086,C00161,4920448,Home,0
L01087,C00780,4387928,Home,0
L01088,C03760,3708282,Personal,0
L01089,C00632,3293082,Auto,0
L01090,C04478,3173739,Auto,0
L01091,C00990,4457417,Business,0
L01092,C02643,1457039,Auto,0
L01093,C04981,394823,Auto,0
L01094,C01218,1984116,Personal,0
L01095,C01396,1704043,Home,0
L01096,C01248,4235539,Personal,0
L01097,C02514,909715,Home,0
L01098,C04419,643312,Personal,0
L01099,C02939,1289135,Personal,1
L01100,C03897,895819,Auto,0
L01101,C03276,1445947,Home,0
L01102,C01312,2345574,Personal,1
L01103,C02895,1788997,Home,0
L01104,C00022,3488112,Personal,0
L01105,C00787,64795,Home,0
L01106,C01049,2164269,Personal,1
L01107,C00939,3496585,Auto,0
L01108,C01674,1362758,Auto,0
L01109,C00166,3362125,Auto,0
L01110,C04157,3183333,Home,0
L01111,C01917,4118864,Auto,1
L01112,C04899,902339,Personal,0
L01113,C02833,927532,Personal,0
L01114,C02129,3178213,Home,0
L01115,C04455,2429031,Home,0
L01116,C00070,3680912,Business,0
L01117,C02899,1534960,Auto,0
L01118,C02747,2416004,Auto,0
L01119,C04193,4217388,Auto,0
L01120,C02510,4049034,Home,0
L01121,C04238,2795811,Personal,0
L01122,C02546,1700345,Auto,1
L01123,C03337,3924852,Auto,1
L01124,C00269,1311238,Home,0
L01125,C01638,4626454,Business,0
L01126,C04391,1623280,Home,1
L01127,C03459,4071942,Personal,0
L01128,C03817,2760754,Auto,1
L01129,C03693,835530,Home,1
L01130,C04400,1005748,Auto,1
L01131,C04331,1583439,Auto,0
L01132,C00370,891923,Auto,0
L01133,C01136,3881459,Personal,1
L01134,C01562,326156,Home,0
L01135,C02162,2732697,Home,0
L01136,C01637,3858258,Business,1
L01137,C00755,280625,Business,0
L01138,C00151,528186,Business,1
L01139,C03849,3501274,Personal,0
L01140,C04130,228086,Business,1
L01141,C00053,2056170,Personal,0
L01142,C01858,4841997,Auto,0
L01143,C04583,83208,Business,1
L01144,C04150,2150496,Home,0
L01145,C03733,3810218,Business,0
L01146,C03735,3469468,Auto,0
L01147,C03639,2623762,Auto,0
L01148,C02680,3342256,Business,0
L01149,C01886,4007602,Home,1
L01150,C03335,3112036,Personal,1
L01151,C01735,4572325,Home,0
L01152,C01172,525234,Personal,0
L01153,C01797,767510,Business,1
L01154,C02929,1244553,Personal,0
L01155,C01758,1905726,Personal,1
L01156,C02857,2432866,Home,0
L01157,C00759,119446,Auto,0
L01158,C04073,2937750,Personal,0
L01159,C03829,4129237,Business,0
L01160,C01967,3742833,Home,0
L01161,C00553,982551,Personal,0
L01162,C04771,1508193,Auto,0
L01163,C03273,199176,Auto,1
L01164,C00911,2279470,Home,0
L01165,C03256,750895,Auto,0
L01166,C02361,4065963,Auto,0
L01167,C03515,2856203,Personal,0
L01168,C03494,4187351,Home,1
L01169,C02623,3464533,Home,0
L01170,C01858,1595631,Auto,1
L01171,C01021,1625252,Personal,0
L01172,C00727,4728843,Business,0
L01173,C02792,1344122,Business,0
L01174,C03262,4235937,Home,1
L01175,C02540,4700677,Auto,1
L01176,C02069,1960027,Home,0
L01177,C00923,947102,Auto,0
L01178,C00063,412212,Business,0
L01179,C02309,3964258,Personal,0
L01180,C03189,3818082,Personal,0
L01181,C03488,3507670,Auto,1
L01182,C00860,2225803,Personal,0
L01183,C04475,4327947,Home,0
L01184,C00602,3565541,Business,1
L01185,C00140,739939,Business,0
L01186,C04278,260028,Auto,0
L01187,C00438,2444472,Auto,0
L01188,C03822,1296531,Home,0
L01189,C04018,3975733,Business,1
L01190,C02883,3973796,Business,0
L01191,C00398,2571429,Home,0
L01192,C02582,2458935,Business,1
L01193,C02072,4515133,Auto,1
L01194,C01369,4686915,Business,0
L01195,C04012,1241317,Business,0
L01196,C02732,1692506,Auto,0
L01197,C00946,2419422,Business,0
L01198,C04970,3963923,Personal,1
L01199,C00975,4008603,Business,1
L01200,C03550,4043314,Home,1
L01201,C01442,1021206,Auto,1
L01202,C02968,139068,Personal,0
L01203,C01809,2436586,Business,1
L01204,C01921,1323278,Personal,0
L01205,C02174,2882164,Auto,0
L01206,C01358,4215179,Home,0
L01207,C03109,4169660,Business,1
L01208,C03348,1664484,Personal,0
L01209,C01517,1979041,Personal,0
L01210,C02176,2090966,Business,0
L01211,C04294,3451972,Home,0
L01212,C04632,1096461,Home,0
L01213,C01894,2343781,Home,1
L01214,C02588,3182050,Personal,1
L01215,C00952,3305082,Auto,0
L01216,C00859,1064915,Personal,1
L01217,C03931,2365279,Auto,0
L01218,C01353,4840710,Personal,0
L01219,C01222,1563935,Home,0
L01220,C02397,1305728,Personal,0
L01221,C02759,2660078,Auto,0
L01222,C01950,1147614,Business,1
L01223,C02694,4032970,Personal,1
L01224,C01646,3000474,Personal,0
L01225,C02636,944266,Home,0
L01226,C01590,3844818,Home,0
L01227,C02925,2082976,Business,0
L01228,C01824,3423303,Auto,0
L01229,C00479,3081039,Auto,1
L01230,C00497,399049,Business,0
L01231,C01789,1221973,Auto,0
L01232,C00647,2443047,Personal,0
L01233,C00239,4322361,Business,0
L01234,C03886,3994347,Business,0
L01235,C03143,433826,Home,0
L01236,C01043,4105106,Personal,0
L01237,C02165,3924419,Business,0
L01238,C04502,3404737,Auto,0
L01239,C03033,1468079,Auto,0
L01240,C00216,4504672,Auto,0
L01241,C04481,2378747,Personal,1
L01242,C02605,403504,Auto,0
L01243,C02371,4460633,Home,0
L01244,C03738,2944815,Auto,0
L01245,C00091,843281,Business,0
L01246,C01278,2397912,Personal,0
L01247,C03889,4185203,Business,0
L01248,C01908,1577135,Personal,0
L01249,C02084,289044,Home,0
L01250,C00590,4349817,Business,0
L01251,C04521,3193147,Business,1
L01252,C03227,920922,Business,0
L01253,C01208,1545552,Auto,1
L01254,C02621,2898246,Personal,0
L01255,C04333,3930288,Personal,0
L01256,C02870,2282537,Auto,0
L01257,C02627,87757,Auto,0
L01258,C01420,2465819,Personal,0
L01259,C00450,1417656,Auto,0
L01260,C03636,4184820,Personal,0
L01261,C01370,2165337,Business,0
L01262,C00752,881680,Auto,1
L01263,C03671,384698,Business,1
L01264,C02121,4235402,Auto,0
L01265,C02548,2568424,Auto,0
L01266,C00002,2803293,Personal,0
L01267,C04757,780425,Personal,1
L01268,C02746,4332066,Business,0
L01269,C03901,4849112,Home,0
L01270,C00088,1768501,Personal,0
L01271,C04123,738444,Auto,0
L01272,C02320,4859798,Personal,0
L01273,C03451,469813,Personal,0
L01274,C03154,438090,Personal,0
L01275,C00946,3193577,Personal,0
L01276,C04470,3529868,Home,0
L01277,C00614,4603582,Home,0
L01278,C00602,4763625,Home,0
L01279,C04684,1382909,Auto,0
L01280,C01022,2156712,Home,0
L01281,C02361,1270690,Personal,0
L01282,C02020,4036704,Personal,0
L01283,C04726,2501698,Auto,0
L01284,C00806,4988167,Personal,0
L01285,C00362,4999132,Auto,0
L01286,C04428,965652,Business,0
L01287,C01048,4388023,Home,0
L01288,C01305,1450076,Business,0
L01289,C01874,4014178,Business,1
L01290,C03398,493189,Home,0
L01291,C04503,1801354,Business,0
L01292,C00036,4029640,Auto,0
L01293,C00647,1257301,Home,0
L01294,C02889,2726050,Auto,0
L01295,C04911,2479832,Home,0
L01296,C03027,3462950,Business,1
L01297,C02247,544997,Personal,1
L01298,C01366,2864348,Home,0
L01299,C04410,1467856,Home,0
L01300,C03265,2158392,Auto,0
L01301,C01232,933026,Business,0
L01302,C04035,3680544,Personal,0
L01303,C03147,2184790,Business,0
L01304,C00887,4300475,Home,1
L01305,C00304,1626445,Home,0
L01306,C04650,3554398,Personal,1
L01307,C03698,2662171,Auto,0
L01308,C03594,2016599,Auto,0
L01309,C04944,3228610,Business,0
L01310,C01516,891142,Business,0
L01311,C01342,3655799,Auto,0
L01312,C04312,776727,Auto,0
L01313,C01424,653622,Personal,0
L01314,C04715,3998810,Home,1
L01315,C03798,1676888,Home,1
L01316,C00779,4728306,Home,1
L01317,C00289,1848859,Business,0
L01318,C04528,1908876,Auto,0
L01319,C03183,4224195,Business,1
L01320,C00668,1094024,Business,0
L01321,C03156,4768220,Auto,0
L01322,C02804,4819883,Personal,1
L01323,C04617,528719,Business,1
L01324,C00905,3430148,Personal,0
L01325,C01622,3852937,Home,0
L01326,C03650,3658991,Personal,0
L01327,C00783,3526157,Personal,0
L01328,C03886,4839408,Auto,0
L01329,C03608,130386,Personal,0
L01330,C03600,2786568,Business,0
L01331,C01096,2073030,Personal,0
L01332,C01244,3859166,Business,0
L01333,C02526,4934114,Home,0
L01334,C02399,3452103,Home,0
L01335,C00121,3078103,Home,0
L01336,C02524,2641991,Auto,0
L01337,C02791,2134148,Auto,0
L01338,C00320,567220,Personal,0
L01339,C02408,4457784,Personal,0
L01340,C03931,4370183,Business,0
L01341,C04847,2869417,Auto,0
L01342,C03775,2361051,Home,0
L01343,C01297,4785097,Business,0
L01344,C00598,1802123,Auto,0
L01345,C03691,1660054,Personal,1
L01346,C02100,4843013,Business,0
L01347,C04084,1775153,Personal,0
L01348,C04294,826631,Auto,0
L01349,C00317,4267806,Personal,0
L01350,C00600,747761,Home,0
L01351,C03073,2708061,Personal,0
L01352,C04390,3325458,Business,0
L01353,C02320,1418042,Business,0
L01354,C01972,4358810,Personal,0
L01355,C03292,4810148,Business,1
L01356,C00204,4576179,Home,1
L01357,C03285,4700014,Business,0
L01358,C04319,1570590,Home,0
L01359,C03794,1101381,Home,0
L01360,C00667,3012120,Home,0
L01361,C04890,2459161,Business,0
L01362,C03683,2633536,Auto,0
L01363,C03126,4648716,Home,0
L01364,C04241,4439126,Auto,0
L01365,C03133,4205200,Personal,0
L01366,C03550,2531337,Business,0
L01367,C00528,4925754,Business,1
L01368,C02432,2952163,Auto,0
L01369,C00102,3414750,Business,1
L01370,C02368,4200325,Home,0
L01371,C01523,4872786,Personal,0
L01372,C04080,2063619,Home,0
L01373,C00122,2350095,Home,0
L01374,C03187,1963681,Business,0
L01375,C01105,3872933,Business,0
L01376,C02633,4780406,Business,0
L01377,C04971,858004,Business,0
L01378,C04416,1841980,Auto,0
L01379,C03440,3107725,Auto,0
L01380,C01902,610717,Personal,0
L01381,C02131,2623938,Personal,0
L01382,C02133,2408728,Personal,0
L01383,C00497,4661276,Home,0
L01384,C04597,927971,Business,0
L01385,C01562,651163,Auto,0
L01386,C03546,59842,Business,0
L01387,C04189,3224433,Auto,0
L01388,C01951,1175502,Personal,0
L01389,C01530,4360500,Auto,0
L01390,C01306,1557467,Personal,1
L01391,C03577,4187380,Personal,0
L01392,C02912,4974874,Personal,1
L01393,C03107,927291,Home,0
L01394,C04552,3849047,Business,1
L01395,C01543,2626030,Auto,0
L01396,C03045,1736467,Auto,1
L01397,C03185,4573770,Home,0
L01398,C00826,1667389,Business,1
L01399,C01474,720127,Business,1
L01400,C02286,3682514,Personal,0
L01401,C01480,1843679,Business,1
L01402,C04274,4482475,Business,1
L01403,C02453,2505887,Home,0
L01404,C02688,1976174,Home,0
L01405,C03612,3283930,Auto,0
L01406,C04040,4015685,Business,0
L01407,C02939,4502316,Business,0
L01408,C02208,4187272,Auto,0
L01409,C01878,3698398,Personal,1
L01410,C01398,3594030,Auto,0
L01411,C01593,2816613,Business,0
L01412,C01116,154950,Business,1
L01413,C04132,599555,Business,0
L01414,C01614,4833171,Business,0
L01415,C03201,2328859,Personal,0
L01416,C00661,989973,Personal,1
L01417,C02600,2046421,Business,1
L01418,C00306,2199586,Business,1
L01419,C03959,1841584,Home,0
L01420,C03288,3132464,Home,0
L01421,C04486,2738722,Auto,0
L01422,C01641,1008867,Home,1
L01423,C04457,3173082,Personal,0
L01424,C02488,353311,Business,0
L01425,C03130,823115,Business,0
L01426,C04632,3513487,Auto,0
L01427,C01230,2027843,Business,0
L01428,C04059,4271040,Personal,0
L01429,C00937,3100320,Auto,0
L01430,C00662,3144189,Home,0
L01431,C02924,3602746,Business,0
L01432,C04514,914456,Auto,1
L01433,C04182,755613,Business,0
L01434,C02129,1643416,Auto,0
L01435,C01573,2722329,Personal,1
L01436,C03837,2902880,Home,1
L01437,C00220,3438702,Home,0
L01438,C04250,2107976,Auto,0
L01439,C02077,240028,Home,0
L01440,C03174,133967,Home,0
L01441,C01950,3416020,Business,0
L01442,C02468,4062604,Business,0
L01443,C03597,1294602,Personal,0
L01444,C01128,4777481,Business,0
L01445,C01844,2694575,Business,0
L01446,C03873,2288521,Auto,0
L01447,C01290,4950524,Home,1
L01448,C02473,2739797,Business,0
L01449,C04035,1361249,Personal,0
L01450,C00910,666202,Personal,0
L01451,C02155,3067416,Personal,1
L01452,C04595,2520236,Business,0
L01453,C02237,1665620,Auto,0
L01454,C03888,729216,Auto,0
L01455,C03273,4346628,Personal,0
L01456,C04060,3318975,Home,0
L01457,C01508,1218482,Business,0
L01458,C01285,2317258,Personal,0
L01459,C01789,880769,Business,0
L01460,C03839,4166622,Business,0
L01461,C00146,4193606,Home,0
L01462,C02937,1712640,Personal,0
L01463,C03892,4639648,Business,1
L01464,C01805,4307373,Home,0
L01465,C01100,3627903,Home,0
L01466,C04562,4057320,Business,0
L01467,C02685,1586031,Home,1
L01468,C00510,661570,Personal,1
L01469,C00504,4776409,Personal,1
L01470,C00898,977847,Home,0
L01471,C00963,4453631,Business,0
L01472,C00702,1186940,Personal,0
L01473,C02618,2568066,Business,0
L01474,C02221,4563946,Home,0
L01475,C04533,3754144,Personal,0
L01476,C04256,3226388,Home,1
L01477,C04263,488380,Business,1
L01478,C00036,2706330,Home,0
L01479,C03976,1844537,Personal,1
L01480,C02165,3672779,Personal,1
L01481,C00072,1274033,Auto,0
L01482,C04361,3949541,Auto,0
L01483,C02708,2159413,Business,0
L01484,C00064,3121926,Auto,0
L01485,C04513,3459868,Personal,0
L01486,C02924,1200531,Business,0
L01487,C02611,996857,Personal,0
L01488,C00671,3772590,Business,0
L01489,C02071,2360631,Home,0
L01490,C00327,2548797,Personal,1
L01491,C01940,4782928,Personal,1
L01492,C00325,971969,Home,0
L01493,C04579,3100886,Auto,0
L01494,C03748,3059838,Home,0
L01495,C02674,3725353,Business,0
L01496,C00452,3813472,Personal,1
L01497,C03608,2057011,Auto,0
L01498,C01214,1550069,Auto,0
L01499,C02637,4469880,Personal,0
L01500,C02553,1315421,Home,0
L01501,C01079,1691465,Home,0
L01502,C04235,310483,Business,1
L01503,C02916,73831,Personal,0
L01504,C04036,2954239,Business,0
L01505,C04485,3190113,Auto,0
L01506,C03003,4057779,Home,0
L01507,C04058,1222345,Personal,0
L01508,C04083,379782,Auto,0
L01509,C00175,1483971,Home,0
L01510,C01167,1567402,Personal,0
L01511,C03909,3550743,Business,0
L01512,C02354,2970254,Business,0
L01513,C00191,473397,Business,0
L01514,C04171,4353921,Home,0
L01515,C04197,1273397,Home,0
L01516,C02808,312404,Home,0
L01517,C02736,4099420,Personal,0
L01518,C02359,2963389,Business,1
L01519,C03589,3269560,Auto,0
L01520,C02796,4825956,Business,0
L01521,C04307,4278567,Home,0
L01522,C02730,4048347,Personal,0
L01523,C01346,293641,Auto,0
L01524,C01098,1118200,Home,0
L01525,C01255,2659159,Business,1
L01526,C03893,2068410,Home,1
L01527,C01389,2497706,Home,0
L01528,C01122,1307133,Home,0
L01529,C03594,4085811,Home,1
L01530,C03624,4337630,Business,1
L01531,C02656,2602353,Home,0
L01532,C02777,1747654,Business,1
L01533,C04580,1436825,Auto,0
L01534,C00263,1391482,Auto,0
L01535,C02582,2182474,Personal,0
L01536,C02617,2121900,Personal,1
L01537,C04718,3711667,Personal,0
L01538,C02652,1463213,Personal,0
L01539,C03380,3198364,Auto,1
L01540,C02471,77880,Home,1
L01541,C02759,4194863,Personal,0
L01542,C04624,4185214,Personal,0
L01543,C03238,2956914,Home,0
L01544,C01445,2040981,Business,0
L01545,C03127,3828161,Business,0
L01546,C04787,2013856,Home,0
L01547,C04148,3680994,Auto,1
L01548,C03296,2424907,Auto,0
L01549,C01341,318046,Home,0
L01550,C02927,484887,Business,0
L01551,C02618,1685823,Business,0
L01552,C00020,2132659,Home,1
L01553,C03793,2001433,Home,0
L01554,C04362,4098498,Personal,0
L01555,C01942,2482167,Business,0
L01556,C00872,4400415,Personal,1
L01557,C03732,1967594,Home,0
L01558,C04069,1744414,Auto,0
L01559,C04183,1894389,Home,0
L01560,C00743,4061096,Business,1
L01561,C02752,2211105,Auto,1
L01562,C02425,928016,Personal,0
L01563,C02633,2866168,Personal,0
L01564,C03513,4968917,Home,0
L01565,C00103,2897475,Auto,0
L01566,C00653,3645904,Business,0
L01567,C04238,4054774,Business,0
L01568,C04629,2094226,Home,0
L01569,C03545,2082289,Personal,0
L01570,C03013,4778110,Business,0
L01571,C02378,2181392,Home,0
L01572,C03954,3642831,Home,0
L01573,C03984,1474568,Auto,0
L01574,C03687,1896479,Auto,1
L01575,C02673,4736080,Personal,0
L01576,C00973,1970918,Home,0
L01577,C04332,881129,Personal,0
L01578,C03844,4710424,Personal,1
L01579,C04982,2514192,Auto,0
L01580,C04008,3118951,Personal,1
L01581,C04967,1237786,Business,0
L01582,C00451,1541856,Home,0
L01583,C01928,3887559,Business,0
L01584,C01828,874373,Auto,1
L01585,C02508,1079929,Personal,0
L01586,C00183,2957101,Auto,1
L01587,C03743,3501716,Personal,0
L01588,C03441,3460202,Personal,0
L01589,C04822,4354465,Personal,1
L01590,C00668,4149771,Auto,0
L01591,C00046,4801157,Business,0
L01592,C03714,4582636,Business,1
L01593,C01393,4830907,Business,0
L01594,C00128,3253251,Personal,1
L01595,C01901,158316,Home,1
L01596,C03113,2834425,Personal,0
L01597,C03976,1002297,Auto,0
L01598,C04809,2687319,Auto,0
L01599,C04310,1075768,Personal,0
L01600,C04850,1650822,Auto,0
L01601,C02382,135043,Home,0
L01602,C04672,3856099,Home,0
L01603,C02800,4729021,Home,1
L01604,C01442,712510,Business,0
L01605,C00571,4275904,Business,0
L01606,C04691,3306974,Home,0
L01607,C03624,1545768,Business,0
L01608,C00536,1494614,Business,0
L01609,C02219,2492532,Personal,0
L01610,C02838,3393617,Business,0
L01611,C01867,792006,Personal,1
L01612,C00971,702819,Home,0
L01613,C04054,2314137,Auto,1
L01614,C03099,1314817,Business,1
L01615,C01482,3661006,Auto,0
L01616,C02884,3650890,Personal,0
L01617,C03181,4342727,Home,0
L01618,C04196,2363291,Business,0
L01619,C02547,3996204,Business,0
L01620,C04303,2089677,Home,0
L01621,C01586,1721116,Personal,0
L01622,C04979,833746,Auto,0
L01623,C00809,885567,Home,0
L01624,C04596,2170658,Auto,0
L01625,C03526,2819403,Home,1
L01626,C03746,2819763,Business,0
L01627,C04142,4602550,Business,0
L01628,C02416,1083912,Auto,0
L01629,C00627,4741405,Business,0
L01630,C03258,2554789,Auto,0
L01631,C04382,2088336,Home,0
L01632,C04193,3410187,Business,1
L01633,C00928,620147,Home,0
L01634,C03010,3505872,Home,0
L01635,C01767,3389460,Home,0
L01636,C00165,314097,Home,0
L01637,C01457,3822934,Auto,1
L01638,C03873,2435504,Business,0
L01639,C00169,214952,Home,0
L01640,C00451,518607,Personal,1
L01641,C04483,4913446,Home,1
L01642,C04751,1566793,Personal,1
L01643,C01803,3302142,Personal,1
L01644,C01862,2183010,Personal,0
L01645,C04060,1187502,Business,0
L01646,C00731,4525722,Personal,0
L01647,C02395,4426220,Home,0
L01648,C03674,1353537,Personal,0
L01649,C02222,4932932,Auto,0
L01650,C03197,171980,Business,0
L01651,C04522,2310307,Personal,0
L01652,C04913,1134169,Personal,0
L01653,C03322,189230,Home,0
L01654,C03614,187566,Auto,1
L01655,C02762,3617809,Home,0
L01656,C03310,3135495,Home,0
L01657,C01252,390010,Business,1
L01658,C03587,1227392,Business,0
L01659,C03474,4583281,Auto,0
L01660,C00774,3115417,Home,1
L01661,C01695,1898741,Auto,0
L01662,C03894,2361724,Business,1
L01663,C03679,2942163,Home,1
L01664,C04959,4940800,Home,1
L01665,C03947,501177,Business,0
L01666,C02369,2265543,Auto,0
L01667,C01504,1053231,Home,0
L01668,C02976,3927980,Business,0
L01669,C03389,4054509,Business,0
L01670,C03295,2033065,Home,1
L01671,C04664,2890880,Personal,0
L01672,C00979,1434493,Home,1
L01673,C00423,3493555,Home,1
L01674,C01962,2580078,Auto,0
L01675,C02397,4697683,Home,0
L01676,C03715,1526179,Auto,0
L01677,C01928,4858131,Business,0
L01678,C03218,2472284,Business,1
L01679,C02354,3019161,Personal,0
L01680,C00040,710629,Home,0
L01681,C03818,4753229,Personal,0
L01682,C03450,478598,Business,0
L01683,C04226,4956603,Personal,0
L01684,C00955,2020255,Home,0
L01685,C00859,3154164,Home,0
L01686,C03855,4654236,Auto,0
L01687,C03543,3387461,Business,0
L01688,C03440,741737,Business,0
L01689,C01200,4381762,Home,0
L01690,C01712,1885504,Home,0
L01691,C03671,3586431,Home,1
L01692,C00136,1695706,Auto,1
L01693,C02557,3181506,Personal,0
L01694,C01073,3060707,Auto,0
L01695,C02967,3930821,Business,0
L01696,C01797,3952971,Personal,0
L01697,C04129,3171120,Business,0
L01698,C00383,4104224,Personal,1
L01699,C01257,4276523,Personal,1
L01700,C02526,2200647,Auto,0
L01701,C00548,1889276,Business,0
L01702,C02709,2471885,Home,0
L01703,C01901,4077402,Auto,1
L01704,C02290,4558114,Home,1
L01705,C04772,3981057,Home,0
L01706,C02759,3232472,Auto,1
L01707,C02240,3413897,Home,1
L01708,C01896,2360305,Auto,0
L01709,C00261,645820,Auto,0
L01710,C04802,218693,Home,0
L01711,C01415,4275260,Personal,0
L01712,C03195,471557,Personal,0
L01713,C03494,953750,Home,0
L01714,C02218,2958352,Personal,0
L01715,C01720,3589971,Business,0
L01716,C03294,944614,Auto,0
L01717,C03316,3201021,Auto,0
L01718,C01242,2754543,Business,1
L01719,C01598,2645485,Auto,0
L01720,C00265,3587441,Business,0
L01721,C02687,3120664,Personal,0
L01722,C00511,4755388,Personal,0
L01723,C02248,3755268,Auto,0
L01724,C03557,889678,Business,0
L01725,C00345,1968700,Auto,0
L01726,C00661,4684951,Business,0
L01727,C01301,104816,Business,1
L01728,C04306,2512042,Home,0
L01729,C01235,665710,Business,0
L01730,C04987,1655618,Auto,0
L01731,C03652,1147689,Business,0
L01732,C01016,2595668,Personal,1
L01733,C01498,416088,Home,0
L01734,C04455,524883,Business,1
L01735,C04463,132537,Auto,0
L01736,C00972,1913086,Auto,0
L01737,C02399,4970809,Auto,0
L01738,C00080,2962593,Auto,1
L01739,C00160,3018648,Home,0
L01740,C03208,1396542,Business,0
L01741,C01638,1005871,Business,0
L01742,C03387,2604659,Home,0
L01743,C03685,2533606,Business,0
L01744,C04700,2404676,Business,0
L01745,C03599,2329495,Business,1
L01746,C01189,3997602,Home,0
L01747,C03200,4023082,Personal,0
L01748,C02829,4785047,Business,0
L01749,C04243,2513845,Personal,1
L01750,C04135,2275879,Home,0
L01751,C00938,1007429,Home,0
L01752,C03459,1176103,Home,1
L01753,C03947,1575856,Auto,0
L01754,C01222,1138517,Business,0
L01755,C01925,1237565,Personal,1
L01756,C03466,3694652,Auto,0
L01757,C00850,3732070,Home,0
L01758,C01634,4106166,Auto,1
L01759,C00370,1694356,Home,0
L01760,C02648,4911749,Business,0
L01761,C02166,418721,Home,1
L01762,C03251,4956549,Business,1
L01763,C02606,571574,Home,0
L01764,C03051,3092219,Business,0
L01765,C02813,3662508,Auto,0
L01766,C02143,1238061,Home,1
L01767,C01011,435926,Personal,0
L01768,C04287,1390127,Business,0
L01769,C00804,3992637,Home,0
L01770,C04104,380407,Home,1
L01771,C04108,1667522,Personal,0
L01772,C00431,3374421,Auto,0
L01773,C04064,1980368,Auto,0
L01774,C01165,4232232,Business,1
L01775,C02622,943531,Home,0
L01776,C03416,2199887,Auto,0
L01777,C01920,693921,Business,0
L01778,C02117,3091646,Personal,0
L01779,C00483,1662265,Business,0
L01780,C04867,2108067,Home,0
L01781,C02081,1105861,Personal,1
L01782,C02731,4099643,Auto,1
L01783,C01353,3856860,Home,1
L01784,C00315,4634291,Auto,0
L01785,C03915,1498748,Personal,0
L01786,C01889,246698,Auto,0
L01787,C01839,3625935,Business,1
L01788,C00303,1554394,Home,1
L01789,C00055,4177296,Auto,1
L01790,C01346,4250953,Personal,0
L01791,C02654,2171533,Auto,0
L01792,C03438,1201774,Home,0
L01793,C01530,2533760,Home,0
L01794,C03516,4594692,Home,0
L01795,C00568,3250800,Auto,1
L01796,C02857,3717408,Home,0
L01797,C02963,3452683,Home,0
L01798,C01082,2870501,Business,0
L01799,C02166,3241831,Home,0
L01800,C02334,3262436,Personal,0
L01801,C02077,345694,Auto,0
L01802,C00998,1313245,Auto,0
L01803,C04772,989792,Auto,0
L01804,C02559,2230939,Business,1
L01805,C02769,1036675,Business,0
L01806,C04737,1323898,Business,1
L01807,C03001,3200218,Business,1
L01808,C03983,2165895,Business,0
L01809,C02772,1255058,Home,0
L01810,C03916,2592158,Personal,1
L01811,C04336,3330392,Business,0
L01812,C02163,4118916,Personal,0
L01813,C02505,2120664,Personal,0
L01814,C02776,934315,Business,0
L01815,C00206,2143512,Auto,0
L01816,C01966,4593342,Auto,0
L01817,C00250,1676611,Home,1
L01818,C01908,4541109,Personal,0
L01819,C03398,1108292,Auto,0
L01820,C04617,2913966,Business,0
L01821,C03340,3614022,Business,0
L01822,C00995,3763626,Auto,0
L01823,C00197,2864918,Business,0
L01824,C00580,2730406,Business,0
L01825,C01656,1008636,Home,0
L01826,C02949,4774153,Auto,0
L01827,C01758,582440,Home,0
L01828,C00004,4086465,Auto,0
L01829,C00646,4219911,Auto,0
L01830,C04459,1518195,Home,1
L01831,C03229,712209,Personal,0
L01832,C01207,3896718,Personal,0
L01833,C04633,482889,Home,1
L01834,C02437,737652,Personal,1
L01835,C03182,2219996,Business,0
L01836,C04075,1415227,Personal,1
L01837,C04984,2398163,Personal,0
L01838,C00046,808593,Auto,0
L01839,C04375,3785157,Personal,0
L01840,C01779,983701,Business,0
L01841,C00778,909675,Home,0
L01842,C02278,974526,Personal,0
L01843,C04489,3963365,Business,0
L01844,C04536,590344,Personal,1
L01845,C01213,4703064,Auto,1
L01846,C00217,2825836,Auto,1
L01847,C00838,358920,Personal,0
L01848,C03850,4680654,Personal,0
L01849,C01798,558200,Auto,0
L01850,C01274,723809,Business,1
L01851,C03564,3198267,Home,0
L01852,C04834,1746121,Business,0
L01853,C04368,3278819,Auto,0
L01854,C03416,3206725,Home,1
L01855,C01969,3141096,Business,0
L01856,C00007,418390,Home,1
L01857,C02810,2744766,Home,0
L01858,C04968,4500949,Auto,0
L01859,C02695,3645809,Personal,0
L01860,C00521,668680,Auto,0
L01861,C04627,3888639,Home,0
L01862,C02047,3838646,Home,1
L01863,C00731,2224488,Home,0
L01864,C02682,4717936,Personal,0
L01865,C02227,4501666,Business,0
L01866,C02191,1317539,Personal,0
L01867,C04871,1909329,Home,0
L01868,C03491,2029593,Home,0
L01869,C02560,3260563,Personal,0
L01870,C02313,3968501,Home,1
L01871,C00215,1340624,Business,0
L01872,C03978,3273928,Business,0
L01873,C02019,4904321,Personal,0
L01874,C03031,4358663,Home,0
L01875,C01131,2753212,Home,0
L01876,C04191,2145736,Business,0
L01877,C01404,3663884,Personal,1
L01878,C01407,1053496,Business,0
L01879,C03483,283480,Personal,0
L01880,C02147,3142306,Personal,0
L01881,C00449,2076133,Auto,1
L01882,C02538,3031936,Business,0
L01883,C03982,4320102,Personal,0
L01884,C01557,1864020,Home,0
L01885,C01862,2806094,Auto,0
L01886,C03770,3184264,Home,0
L01887,C03419,2741340,Auto,0
L01888,C02634,2453560,Personal,1
L01889,C01545,2752423,Home,1
L01890,C03527,1166502,Personal,0
L01891,C04938,4991815,Auto,0
L01892,C01594,4084372,Auto,0
L01893,C03284,181786,Personal,1
L01894,C00958,3657227,Business,0
L01895,C00953,287235,Business,0
L01896,C02801,1763448,Personal,1
L01897,C03462,1420959,Home,0
L01898,C04474,1163910,Auto,0
L01899,C01848,2149696,Business,1
L01900,C01354,1394149,Home,0
L01901,C00963,607521,Home,1
L01902,C02428,2813543,Business,1
L01903,C01248,2803568,Auto,0
L01904,C00393,257111,Business,0
L01905,C01634,4996145,Personal,1
L01906,C00414,2008927,Home,1
L01907,C03827,2963636,Auto,1
L01908,C02667,4854480,Auto,0
L01909,C01210,3064384,Auto,0
L01910,C02864,4151405,Business,0
L01911,C03626,1425667,Auto,0
L01912,C03010,3481482,Business,1
L01913,C02029,4837678,Personal,0
L01914,C03492,234481,Auto,0
L01915,C02260,1335887,Personal,0
L01916,C03910,2764381,Personal,1
L01917,C03384,2509204,Home,0
L01918,C02663,3125095,Home,1
L01919,C03930,1123432,Home,0
L01920,C03095,3222010,Business,0
L01921,C04232,4667033,Home,0
L01922,C00295,2290009,Personal,0
L01923,C04027,2729120,Auto,0
L01924,C01997,1845082,Business,0
L01925,C03935,4158082,Personal,0
L01926,C01315,4083695,Personal,0
L01927,C03804,3830828,Personal,0
L01928,C01993,3020494,Business,0
L01929,C00478,2732480,Home,0
L01930,C03461,4468277,Business,0
L01931,C04828,1222334,Home,1
L01932,C00098,1806110,Auto,0
L01933,C01996,3042252,Home,0
L01934,C02874,3915763,Personal,0
L01935,C02814,2204630,Auto,0
L01936,C02042,2400532,Business,0
L01937,C04840,2016986,Personal,1
L01938,C02869,4113953,Personal,0
L01939,C03961,4256371,Business,0
L01940,C04335,1576585,Business,1
L01941,C00519,123234,Auto,0
L01942,C00710,2567918,Business,0
L01943,C01788,1398738,Business,0
L01944,C01943,1748272,Personal,0
L01945,C03173,3134197,Home,0
L01946,C02645,1665817,Business,1
L01947,C02401,1195604,Home,0
L01948,C04304,4289309,Personal,0
L01949,C01973,3383021,Auto,0
L01950,C03885,735947,Auto,0
L01951,C04837,3043220,Home,1
L01952,C01438,2505468,Auto,0
L01953,C01413,1431781,Home,0
L01954,C04461,1681881,Business,0
L01955,C00722,1383531,Home,0
L01956,C02540,629979,Home,1
L01957,C04457,3330242,Home,1
L01958,C03498,2242330,Personal,0
L01959,C04634,1405296,Home,0
L01960,C03219,4821918,Home,0
L01961,C01259,2617764,Personal,0
L01962,C04099,983920,Auto,0
L01963,C01373,2038873,Auto,0
L01964,C01293,2441855,Home,0
L01965,C02317,3242465,Business,0
L01966,C02523,600029,Personal,0
L01967,C00718,3992121,Auto,0
L01968,C00064,2642861,Personal,0
L01969,C04951,643186,Personal,0
L01970,C02029,1039685,Home,0
L01971,C00873,4005755,Home,1
L01972,C02375,254706,Home,0
L01973,C01335,2975611,Home,0
L01974,C01871,4045392,Business,0
L01975,C04962,1353513,Auto,0
L01976,C03724,4018086,Home,0
L01977,C00560,3371159,Business,0
L01978,C03626,343134,Personal,0
L01979,C02261,2142615,Auto,0
L01980,C03562,4101239,Personal,1
L01981,C01183,1171859,Business,1
L01982,C03405,4192820,Auto,0
L01983,C00863,3978673,Personal,0
L01984,C03705,1727517,Business,1
L01985,C02976,426281,Home,1
L01986,C00384,214864,Home,1
L01987,C00341,1776256,Personal,1
L01988,C00746,3555011,Auto,0
L01989,C01055,3226332,Personal,0
L01990,C03788,879960,Business,0
L01991,C02406,3454753,Personal,0
L01992,C03271,2966876,Business,0
L01993,C01427,264063,Personal,0
L01994,C00848,3522782,Business,1
L01995,C00746,2076958,Business,0
L01996,C01139,4084464,Auto,0
L01997,C02836,465374,Personal,0
L01998,C03350,1831177,Home,0
L01999,C02770,4849713,Business,1
L02000,C00444,858840,Auto,0
L02001,C04258,3259360,Personal,0
L02002,C02209,982016,Personal,1
L02003,C01113,3062299,Business,0
L02004,C01642,2356397,Home,0
L02005,C00701,3186998,Home,0
L02006,C01771,1920780,Personal,0
L02007,C03057,3774717,Personal,0
L02008,C02812,3229296,Home,0
L02009,C01794,2429024,Business,0
L02010,C01646,3715087,Auto,0
L02011,C04345,3495425,Business,1
L02012,C04939,4020040,Auto,0
L02013,C01769,3527509,Personal,1
L02014,C04743,3913151,Business,0
L02015,C03656,2783472,Personal,0
L02016,C01989,3235529,Business,0
L02017,C01876,2120572,Home,0
L02018,C02705,4142021,Business,0
L02019,C01279,2169954,Auto,0
L02020,C03392,2413418,Personal,0
L02021,C00445,3527311,Home,0
L02022,C01214,2437285,Auto,1
L02023,C02834,1241202,Auto,0
L02024,C01346,2632012,Business,0
L02025,C02419,2718540,Business,0
L02026,C02849,4806455,Home,0
L02027,C03099,4103156,Personal,0
L02028,C01999,4766061,Home,0
L02029,C00663,2067610,Auto,0
L02030,C01290,3705326,Personal,1
L02031,C00798,4295172,Business,0
L02032,C01076,4208661,Business,0
L02033,C02644,1278589,Personal,1
L02034,C04786,2844995,Personal,1
L02035,C01902,2873845,Home,0
L02036,C03305,1111592,Personal,0
L02037,C01861,1282082,Personal,0
L02038,C02150,4819814,Auto,0
L02039,C00903,596429,Home,0
L02040,C02236,516346,Business,0
L02041,C00751,4275183,Business,0
L02042,C01246,4429319,Personal,1
L02043,C04839,2727835,Auto,0
L02044,C00573,1799316,Business,0
L02045,C01547,3576665,Personal,0
L02046,C01190,3495636,Business,0
L02047,C01269,3099945,Auto,0
L02048,C02142,4521121,Auto,1
L02049,C03837,1629292,Auto,0
L02050,C02630,4940230,Auto,0
L02051,C01010,2178010,Home,0
L02052,C03262,4882816,Personal,1
L02053,C01985,2157258,Auto,1
L02054,C00146,2256439,Home,1
L02055,C01489,722172,Home,0
L02056,C01317,3413818,Auto,1
L02057,C03027,2500906,Business,0
L02058,C02452,1289739,Auto,0
L02059,C02588,687452,Home,0
L02060,C00854,4124544,Personal,0
L02061,C02667,737319,Personal,0
L02062,C03751,3344789,Auto,0
L02063,C00812,519794,Auto,0
L02064,C02537,3357110,Personal,1
L02065,C04518,1644447,Home,0
L02066,C00531,1048870,Personal,1
L02067,C00162,704028,Personal,0
L02068,C04823,2529253,Auto,0
L02069,C04185,4514220,Business,0
L02070,C04790,4549723,Business,0
L02071,C03257,1426059,Business,0
L02072,C04387,2518370,Business,0
L02073,C04387,64999,Home,0
L02074,C04154,2846638,Personal,0
L02075,C01178,1963225,Personal,1
L02076,C02279,2426056,Personal,0
L02077,C03880,4640370,Personal,1
L02078,C00750,3365843,Business,0
L02079,C01299,4752560,Personal,0
L02080,C03067,4199213,Home,1
L02081,C03193,4193951,Home,0
L02082,C00626,2670996,Auto,0
L02083,C04278,3324479,Personal,0
L02084,C04313,1169113,Home,0
L02085,C02915,1591712,Auto,1
L02086,C03166,3609735,Business,0
L02087,C04753,2379254,Home,0
L02088,C01221,3243738,Business,1
L02089,C00719,4544154,Home,0
L02090,C01776,3513788,Auto,0
L02091,C03553,4474215,Home,1
L02092,C02194,4514180,Auto,0
L02093,C01551,1540557,Personal,0
L02094,C02103,750196,Business,0
L02095,C04066,2360132,Personal,0
L02096,C00814,2858823,Auto,0
L02097,C00685,4903812,Personal,0
L02098,C00197,2736666,Auto,0
L02099,C04412,4355828,Business,0
L02100,C01985,1669020,Business,0
L02101,C03268,94226,Business,0
L02102,C04851,3281892,Business,0
L02103,C01643,2580483,Personal,0
L02104,C00028,1652744,Home,1
L02105,C02558,2244949,Home,0
L02106,C01634,2384636,Home,0
L02107,C00289,697005,Business,0
L02108,C04558,2897953,Business,0
L02109,C01519,3659774,Auto,0
L02110,C00970,1159657,Auto,0
L02111,C02394,4677049,Personal,0
L02112,C01638,1723324,Personal,1
L02113,C03421,1427908,Personal,0
L02114,C04669,2822607,Auto,0
L02115,C04144,4619369,Auto,1
L02116,C03803,3980182,Home,0
L02117,C04413,1431902,Personal,0
L02118,C00220,4286328,Personal,0
L02119,C04105,3315249,Auto,0
L02120,C02067,3619883,Business,0
L02121,C03208,1114376,Personal,0
L02122,C00615,51422,Personal,0
L02123,C02179,1563905,Home,0
L02124,C03645,4979021,Personal,0
L02125,C00645,732323,Home,0
L02126,C01078,3084409,Personal,0
L02127,C03594,3985918,Personal,0
L02128,C02010,1329182,Business,0
L02129,C00610,2620835,Auto,1
L02130,C01554,2998111,Home,1
L02131,C00190,2617167,Auto,0
L02132,C04599,3057761,Personal,1
L02133,C00234,3787366,Home,1
L02134,C00309,2315356,Business,0
L02135,C04266,3272209,Home,1
L02136,C03452,3474016,Auto,0
L02137,C01780,2475424,Home,0
L02138,C03004,2712385,Auto,0
L02139,C01290,4500594,Personal,0
L02140,C04956,988702,Auto,0
L02141,C00815,1643745,Auto,0
L02142,C01921,224957,Auto,0
L02143,C01615,4222783,Personal,0
L02144,C01495,2420075,Auto,0
L02145,C01173,3345490,Business,0
L02146,C00539,439484,Home,0
L02147,C02515,3196269,Business,0
L02148,C03416,3482422,Auto,0
L02149,C00289,644955,Business,0
L02150,C01919,1979494,Personal,0
L02151,C00898,4679415,Home,0
L02152,C04215,274887,Auto,1
L02153,C00774,501986,Business,0
L02154,C04567,1248310,Personal,0
L02155,C01269,966424,Home,0
L02156,C02160,2797191,Home,1
L02157,C01109,88651,Business,1
L02158,C04291,4408040,Business,0
L02159,C00592,4836138,Business,0
L02160,C00659,1436313,Personal,0
L02161,C04552,64355,Personal,0
L02162,C03496,2035428,Auto,1
L02163,C01059,832521,Home,0
L02164,C04299,1585213,Personal,0
L02165,C01552,2162811,Auto,0
L02166,C04836,1318103,Auto,0
L02167,C03365,1809441,Auto,1
L02168,C01187,4464308,Personal,1
L02169,C00204,1385887,Auto,0
L02170,C04589,4407488,Business,0
L02171,C00286,2095737,Auto,0
L02172,C04313,618289,Business,0
L02173,C03315,97265,Auto,0
L02174,C04676,3560445,Auto,0
L02175,C00836,4765589,Personal,0
L02176,C02774,3106164,Auto,0
L02177,C04112,2506477,Personal,0
L02178,C01039,1249305,Auto,0
L02179,C00127,4277893,Business,1
L02180,C00993,4856937,Business,0
L02181,C00757,4532072,Auto,0
L02182,C04289,3484592,Personal,1
L02183,C04448,633489,Auto,1
L02184,C01519,954466,Home,0
L02185,C03298,2504372,Personal,0
L02186,C01068,4797271,Personal,0
L02187,C01059,4748011,Auto,0
L02188,C03086,2755150,Home,0
L02189,C02684,1859443,Auto,0
L02190,C00972,1864136,Home,1
L02191,C03558,2822122,Auto,0
L02192,C04059,4193976,Business,0
L02193,C00817,3983248,Personal,0
L02194,C04423,3340934,Personal,0
L02195,C03351,2265660,Business,0
L02196,C03226,4971667,Home,0
L02197,C03568,1781586,Personal,0
L02198,C02760,4040217,Auto,0
L02199,C01654,4749285,Business,0
L02200,C02756,3852520,Home,0
L02201,C03973,3548904,Auto,0
L02202,C02698,3623311,Business,0
L02203,C03992,838842,Business,0
L02204,C01101,2775263,Personal,0
L02205,C00328,2444373,Home,0
L02206,C03108,2078589,Auto,0
L02207,C02335,4176852,Business,0
L02208,C01754,3795276,Home,0
L02209,C03306,1336583,Business,0
L02210,C00229,4033617,Auto,0
L02211,C00156,4629664,Home,1
L02212,C03003,188629,Auto,1
L02213,C02855,225620,Personal,1
L02214,C01247,3331789,Personal,0
L02215,C00019,1786397,Business,1
L02216,C01778,2523638,Business,1
L02217,C03677,4081515,Home,0
L02218,C04508,2567116,Personal,0
L02219,C00449,433185,Auto,1
L02220,C01251,502329,Home,0
L02221,C01600,2486554,Auto,0
L02222,C03976,4830562,Personal,0
L02223,C02206,2645906,Business,0
L02224,C03719,3976006,Home,1
L02225,C04142,3746538,Home,0
L02226,C01135,462653,Home,0
L02227,C00927,1368519,Auto,0
L02228,C01070,3493098,Home,0
L02229,C04017,1193302,Personal,0
L02230,C00561,3843979,Home,0
L02231,C02017,1830842,Personal,0
L02232,C00038,4494440,Business,1
L02233,C04740,386943,Business,0
L02234,C03739,4399661,Home,0
L02235,C01616,3407637,Home,0
L02236,C02779,1364859,Personal,1
L02237,C03553,1930928,Personal,0
L02238,C03166,2211555,Auto,0
L02239,C01766,4257336,Personal,1
L02240,C02466,601186,Personal,1
L02241,C01928,725247,Auto,0
L02242,C01653,1982229,Personal,0
L02243,C00711,201287,Home,0
L02244,C02713,3268726,Personal,0
L02245,C04558,370358,Business,0
L02246,C03896,710171,Auto,0
L02247,C01729,644801,Auto,0
L02248,C00248,3708074,Auto,0
L02249,C01262,277835,Personal,0
L02250,C00847,3404151,Personal,0
L02251,C02396,3482924,Personal,0
L02252,C00836,713077,Personal,0
L02253,C04226,1159750,Auto,0
L02254,C02985,1656916,Personal,0
L02255,C04662,3794805,Personal,0
L02256,C03615,622660,Business,0
L02257,C00734,552194,Home,0
L02258,C02741,3755460,Business,0
L02259,C00012,823466,Home,0
L02260,C03289,4526037,Home,1
L02261,C04083,1308048,Auto,0
L02262,C03038,388048,Business,1
L02263,C01715,1491049,Personal,0
L02264,C03856,2843979,Personal,1
L02265,C04351,1491711,Home,1
L02266,C02293,3792610,Home,0
L02267,C04953,2792788,Personal,1
L02268,C03387,3895752,Home,0
L02269,C04943,3447037,Business,0
L02270,C00823,3352415,Business,0
L02271,C00806,3618435,Business,1
L02272,C03697,3359320,Home,0
L02273,C02295,4424822,Business,0
L02274,C04037,1406219,Business,0
L02275,C03704,4879125,Home,0
L02276,C00515,944281,Auto,1
L02277,C04000,1718009,Business,0
L02278,C02176,3689711,Home,0
L02279,C00752,1963181,Home,1
L02280,C03839,4122097,Auto,0
L02281,C02119,1470527,Auto,0
L02282,C03295,2081336,Business,0
L02283,C00957,922368,Home,0
L02284,C00846,4334929,Personal,0
L02285,C02689,3923628,Auto,0
L02286,C04043,3209973,Personal,0
L02287,C02765,3326652,Auto,0
L02288,C01270,4184781,Business,0
L02289,C00275,2456385,Home,0
L02290,C04553,2239730,Home,0
L02291,C02364,154639,Home,0
L02292,C02016,354819,Home,0
L02293,C02665,4588849,Home,0
L02294,C04704,828267,Home,0
L02295,C00047,2210252,Personal,1
L02296,C03845,2363912,Home,1
L02297,C02174,1841564,Home,0
L02298,C02555,3635104,Auto,1
L02299,C04289,427004,Personal,0
L02300,C01553,2514963,Auto,0
L02301,C02072,2163374,Home,1
L02302,C01603,4687804,Personal,1
L02303,C01414,1391769,Auto,0
L02304,C01579,2487019,Home,0
L02305,C01079,1708487,Business,0
L02306,C00830,4614894,Home,0
L02307,C03439,3360388,Personal,1
L02308,C01067,942024,Auto,0
L02309,C00873,670146,Auto,0
L02310,C03037,701020,Personal,0
L02311,C01481,3241628,Personal,0
L02312,C02903,3792061,Home,0
L02313,C01224,1494242,Business,0
L02314,C00827,574772,Personal,0
L02315,C01007,1358436,Personal,1
L02316,C00065,4551562,Home,1
L02317,C01983,4613767,Auto,0
L02318,C04871,4734379,Auto,0
L02319,C00350,1233859,Personal,0
L02320,C02871,3341491,Home,0
L02321,C01175,3430187,Business,0
L02322,C04284,1449260,Home,0
L02323,C00008,170206,Home,1
L02324,C00175,2466272,Auto,1
L02325,C02415,4784124,Home,1
L02326,C02063,900399,Auto,0
L02327,C00687,1325326,Home,0
L02328,C02552,1356300,Business,0
L02329,C03726,330394,Auto,0
L02330,C02105,569587,Personal,0
L02331,C01716,4559785,Business,1
L02332,C03705,2150484,Home,0
L02333,C04732,3841391,Business,0
L02334,C04429,3752176,Home,0
L02335,C02227,1956734,Auto,0
L02336,C03032,1952781,Business,0
L02337,C04087,2105869,Business,0
L02338,C02803,2770444,Personal,0
L02339,C03017,4369639,Auto,0
L02340,C02724,1091258,Business,0
L02341,C02058,610491,Business,0
L02342,C04355,3439102,Auto,0
L02343,C01902,2524922,Auto,1
L02344,C00158,3892148,Personal,0
L02345,C03886,4068406,Business,1
L02346,C03161,459985,Auto,0
L02347,C04637,3590460,Business,0
L02348,C01384,3794592,Home,0
L02349,C04133,3913309,Personal,0
L02350,C00915,3971614,Home,1
L02351,C03842,3414230,Auto,1
L02352,C03040,1702864,Home,0
L02353,C02560,1925858,Personal,0
L02354,C01184,4156894,Personal,1
L02355,C01583,512071,Home,0
L02356,C04164,2391235,Business,0
L02357,C00923,3248297,Personal,1
L02358,C02754,1719262,Auto,0
L02359,C02399,4042004,Auto,1
L02360,C02558,2096695,Auto,0
L02361,C04893,273169,Auto,0
L02362,C01375,4824135,Business,0
L02363,C03524,346901,Home,0
L02364,C02305,2191023,Auto,0
L02365,C02383,2136360,Business,0
L02366,C00889,1686906,Home,1
L02367,C04107,1915070,Personal,0
L02368,C00786,1098307,Personal,1
L02369,C02786,254813,Home,0
L02370,C00423,515332,Personal,0
L02371,C04345,411511,Business,0
L02372,C02576,2295469,Business,0
L02373,C01062,1771813,Business,0
L02374,C03967,1438318,Personal,1
L02375,C04594,2381330,Business,0
L02376,C03745,3136989,Home,0
L02377,C04839,3106091,Auto,0
L02378,C03425,4740953,Business,0
L02379,C01600,1312461,Personal,0
L02380,C01338,1445084,Personal,0
L02381,C03276,1073359,Personal,0
L02382,C03141,340370,Personal,0
L02383,C04941,3870466,Business,0
L02384,C04343,1934165,Business,0
L02385,C04643,4768775,Personal,0
L02386,C02603,2192444,Home,0
L02387,C03828,1713604,Home,1
L02388,C01191,3277894,Auto,0
L02389,C01252,149480,Auto,1
L02390,C00476,4117182,Personal,0
L02391,C03284,3498807,Business,0
L02392,C00023,4903503,Business,0
L02393,C02388,3342238,Home,0
L02394,C00553,3506771,Personal,0
L02395,C02026,2953256,Business,0
L02396,C01533,597642,Business,0
L02397,C01532,3962727,Home,0
L02398,C03778,2647083,Auto,0
L02399,C04810,2448054,Home,0
L02400,C02033,4526818,Home,0
L02401,C00482,3855657,Auto,0
L02402,C00683,4781357,Personal,0
L02403,C02636,201488,Business,0
L02404,C02014,3609669,Business,1
L02405,C02145,2678277,Personal,0
L02406,C04820,714796,Auto,0
L02407,C04118,2395061,Business,1
L02408,C00768,4333737,Home,1
L02409,C01620,4582283,Personal,0
L02410,C00614,2952643,Home,0
L02411,C02402,4684980,Business,1
L02412,C00907,4646720,Home,0
L02413,C02151,3937833,Home,0
L02414,C04907,1328405,Auto,0
L02415,C00146,2449023,Home,0
L02416,C01157,3677194,Home,1
L02417,C01256,1738295,Home,1
L02418,C01265,3607293,Home,0
L02419,C03305,3333446,Business,0
L02420,C01526,864997,Business,0
L02421,C00557,4456943,Personal,0
L02422,C00689,2078198,Personal,1
L02423,C02820,467917,Personal,0
L02424,C00089,238856,Home,0
L02425,C00560,962243,Personal,1
L02426,C02009,4404292,Business,0
L02427,C00004,634601,Home,1
L02428,C00820,970383,Personal,1
L02429,C01211,930133,Business,1
L02430,C03175,3685330,Personal,0
L02431,C00085,1200100,Auto,0
L02432,C03209,1960508,Business,0
L02433,C00876,3620310,Business,1
L02434,C03573,3481492,Business,0
L02435,C04184,2879527,Home,0
L02436,C04973,1043883,Personal,0
L02437,C02540,932949,Personal,0
L02438,C02674,772513,Personal,1
L02439,C02457,4808389,Business,0
L02440,C02525,2242675,Personal,0
L02441,C02996,1134364,Business,1
L02442,C02594,3567882,Business,0
L02443,C00919,3041019,Auto,0
L02444,C01073,3361063,Business,0
L02445,C03363,2405254,Personal,0
L02446,C04791,977891,Home,0
L02447,C01559,1375885,Personal,0
L02448,C02990,2230208,Business,0
L02449,C01804,2048633,Personal,0
L02450,C03776,2369531,Home,0
L02451,C02606,3592064,Business,0
L02452,C04557,1641381,Home,1
L02453,C04499,2330014,Business,0
L02454,C01633,2261186,Home,0
L02455,C00639,2608674,Home,0
L02456,C02450,3932337,Home,0
L02457,C03015,2048318,Home,1
L02458,C00483,2915023,Personal,0
L02459,C03743,2840085,Auto,0
L02460,C04795,2833452,Auto,1
L02461,C01626,711604,Business,0
L02462,C03084,379361,Auto,0
L02463,C01686,4347063,Personal,1
L02464,C01552,713000,Home,0
L02465,C00405,1901724,Home,0
L02466,C02939,1398132,Business,0
L02467,C00606,500914,Home,1
L02468,C00363,345147,Business,1
L02469,C04258,4629546,Business,0
L02470,C01266,2788062,Personal,1
L02471,C00655,709446,Personal,0
L02472,C00121,2583400,Business,0
L02473,C02359,4967845,Home,1
L02474,C02688,3958016,Business,0
L02475,C00413,1940662,Home,1
L02476,C02713,731305,Personal,0
L02477,C04143,133024,Personal,0
L02478,C04596,3005901,Auto,0
L02479,C01545,1170801,Home,0
L02480,C04452,4615574,Personal,0
L02481,C02860,1549797,Business,1
L02482,C04327,2736633,Personal,0
L02483,C03879,4121783,Auto,0
L02484,C00331,1335399,Business,1
L02485,C03025,2662578,Auto,0
L02486,C04972,2960367,Business,0
L02487,C01695,2682153,Personal,0
L02488,C03398,4295708,Home,1
L02489,C00615,4609368,Personal,1
L02490,C01388,3543126,Business,1
L02491,C04437,4732676,Business,0
L02492,C01389,833646,Home,0
L02493,C03461,1093331,Auto,1
L02494,C01205,1045201,Auto,1
L02495,C00166,1401712,Personal,0
L02496,C04093,4147879,Business,0
L02497,C00366,3350865,Auto,1
L02498,C02296,2568728,Home,0
L02499,C02464,2113160,Auto,0
L02500,C01865,3201809,Business,0
L02501,C02672,2363193,Home,0
L02502,C04094,4737034,Auto,0
L02503,C01498,483291,Auto,0
L02504,C04410,567489,Home,0
L02505,C04834,3076645,Personal,0
L02506,C01641,3561450,Auto,1
L02507,C04001,1116856,Home,0
L02508,C04934,2447902,Business,0
L02509,C04164,1487646,Auto,0
L02510,C04756,3000301,Business,0
L02511,C01280,4310941,Personal,0
L02512,C04259,1570938,Personal,1
L02513,C03497,4253847,Personal,0
L02514,C04914,1853192,Home,1
L02515,C02770,281026,Home,0
L02516,C03323,4842128,Home,0
L02517,C03246,3599352,Home,0
L02518,C03028,1276657,Auto,0
L02519,C01198,2671567,Auto,0
L02520,C03661,1897828,Home,1
L02521,C01587,1853230,Home,1
L02522,C04919,1827321,Business,1
L02523,C03041,3459861,Personal,0
L02524,C01564,357783,Personal,1
L02525,C00031,495334,Business,0
L02526,C04217,696637,Home,1
L02527,C00041,2100739,Business,0
L02528,C01716,1344329,Business,0
L02529,C03056,4235318,Business,0
L02530,C00161,525847,Personal,0
L02531,C02647,1749795,Auto,0
L02532,C01375,1163731,Auto,0
L02533,C00851,4898332,Business,0
L02534,C03972,4707781,Personal,0
L02535,C03508,1465279,Personal,0
L02536,C03179,4754211,Business,1
L02537,C04730,1574352,Business,0
L02538,C02181,1319891,Auto,0
L02539,C04831,3974883,Home,0
L02540,C01942,3821646,Home,0
L02541,C02801,2382739,Business,0
L02542,C02290,3637069,Home,0
L02543,C04358,763789,Home,0
L02544,C03092,1331894,Personal,0
L02545,C01686,1824260,Personal,0
L02546,C04540,1598581,Personal,1
L02547,C02021,3327337,Business,0
L02548,C02356,2870687,Business,0
L02549,C03423,3606964,Auto,0
L02550,C01490,3869012,Personal,0
L02551,C00515,3398361,Personal,0
L02552,C00108,684390,Personal,0
L02553,C02187,1904930,Business,1
L02554,C00861,1929111,Auto,0
L02555,C03605,4596930,Personal,0
L02556,C04908,4800606,Auto,1
L02557,C03891,4172169,Personal,0
L02558,C02165,1733980,Personal,0
L02559,C02743,3167356,Personal,1
L02560,C03710,2715715,Auto,0
L02561,C01744,3142139,Auto,0
L02562,C00473,3451524,Business,0
L02563,C01255,4873756,Home,0
L02564,C01295,4617487,Business,0
L02565,C00338,1768511,Home,0
L02566,C02508,919605,Auto,0
L02567,C04931,1975927,Auto,0
L02568,C01699,3602701,Personal,0
L02569,C00028,455715,Auto,0
L02570,C02124,487021,Auto,1
L02571,C01328,4759847,Home,1
L02572,C04029,4790917,Business,0
L02573,C01538,527011,Home,1
L02574,C03708,3259166,Auto,1
L02575,C04698,674288,Business,0
L02576,C01329,2206585,Business,0
L02577,C02409,4850771,Auto,0
L02578,C00597,2713225,Business,0
L02579,C04952,343904,Personal,0
L02580,C02517,4374273,Business,0
L02581,C02985,1116934,Home,0
L02582,C03559,564185,Personal,0
L02583,C01174,1568950,Business,0
L02584,C03448,915843,Home,1
L02585,C04743,1898525,Home,0
L02586,C03328,2108006,Personal,0
L02587,C02864,3758345,Business,0
L02588,C02451,2136915,Home,0
L02589,C01936,4181259,Personal,0
L02590,C04393,3469981,Auto,0
L02591,C01977,2693332,Personal,1
L02592,C01921,2325048,Personal,0
L02593,C03900,985671,Home,0
L02594,C00402,4605946,Personal,0
L02595,C00259,432945,Auto,1
L02596,C00571,3699177,Business,0
L02597,C01852,619486,Business,1
L02598,C04168,2014180,Home,0
L02599,C04837,1348825,Auto,1
L02600,C03863,4888096,Personal,0
L02601,C01071,3106534,Personal,0
L02602,C03066,640213,Auto,1
L02603,C02205,4009246,Auto,0
L02604,C00686,1645478,Auto,0
L02605,C01967,2253632,Business,0
L02606,C04625,1171209,Home,1
L02607,C04449,2580579,Business,0
L02608,C04451,2298216,Business,1
L02609,C02991,4936026,Personal,0
L02610,C03323,2147389,Home,1
L02611,C01197,1811066,Auto,0
L02612,C04704,3630402,Home,1
L02613,C03565,3514074,Personal,0
L02614,C02152,1379241,Personal,0
L02615,C03036,2174166,Personal,0
L02616,C02117,3068234,Business,1
L02617,C02272,2188215,Home,1
L02618,C02967,1214920,Auto,0
L02619,C02914,1207334,Auto,0
L02620,C01267,168373,Business,1
L02621,C00159,2291119,Business,0
L02622,C04013,4670425,Business,0
L02623,C02348,1688353,Personal,0
L02624,C04731,1421146,Auto,0
L02625,C01188,2700909,Business,0
L02626,C02159,800653,Personal,0
L02627,C00426,2858407,Auto,0
L02628,C01965,723468,Business,0
L02629,C02811,3886721,Business,0
L02630,C01862,3629412,Personal,0
L02631,C00692,2049070,Personal,0
L02632,C03061,247977,Auto,0
L02633,C03960,1716456,Auto,0
L02634,C04264,1306822,Business,0
L02635,C02743,1282026,Business,0
L02636,C00801,1218291,Auto,0
L02637,C03536,1111078,Auto,0
L02638,C01489,4429340,Personal,0
L02639,C01167,1423994,Home,0
L02640,C00564,4552305,Business,0
L02641,C03821,315646,Auto,0
L02642,C04577,4271499,Business,0
L02643,C01274,1405524,Home,0
L02644,C01452,2916412,Auto,1
L02645,C01606,3717054,Business,0
L02646,C00417,2132808,Business,1
L02647,C01825,1381315,Personal,0
L02648,C02597,653805,Home,0
L02649,C04249,2338303,Personal,0
L02650,C02854,2191310,Auto,0
L02651,C04951,3109324,Home,1
L02652,C03087,4127450,Auto,0
L02653,C01200,4531379,Personal,1
L02654,C00970,4728017,Home,0
L02655,C02976,4457042,Home,0
L02656,C02512,3405903,Auto,1
L02657,C03234,3551056,Business,0
L02658,C01000,3550020,Business,0
L02659,C00624,175147,Auto,0
L02660,C01452,4230865,Personal,0
L02661,C02642,736285,Home,0
L02662,C04951,3991013,Personal,0
L02663,C03542,1900637,Business,0
L02664,C04602,4287415,Home,0
L02665,C00776,2504296,Auto,0
L02666,C03439,4997836,Personal,0
L02667,C01313,1000143,Business,1
L02668,C03789,403813,Personal,0
L02669,C00444,358280,Auto,0
L02670,C02641,1723471,Business,0
L02671,C04376,3818000,Personal,0
L02672,C04823,1746741,Personal,0
L02673,C01306,4189595,Business,0
L02674,C04687,4390620,Business,0
L02675,C02232,3782126,Home,1
L02676,C03271,3569237,Home,1
L02677,C03960,2195224,Home,0
L02678,C00319,3402138,Auto,0
L02679,C04384,4477099,Personal,0
L02680,C01959,4649818,Business,0
L02681,C01289,3819495,Auto,0
L02682,C02421,4609298,Auto,0
L02683,C04788,2321061,Auto,0
L02684,C04173,3651174,Personal,0
L02685,C04069,822123,Auto,0
L02686,C00822,1170202,Home,0
L02687,C00136,4208720,Business,0
L02688,C03361,1297975,Auto,1
L02689,C04822,138765,Personal,0
L02690,C04716,711628,Home,0
L02691,C02017,2678857,Home,1
L02692,C03480,1827868,Home,0
L02693,C00241,2063955,Auto,0
L02694,C00531,2078787,Business,1
L02695,C00832,3597599,Personal,1
L02696,C02456,1983562,Home,1
L02697,C01411,2281067,Home,0
L02698,C00050,1383136,Home,0
L02699,C00830,879254,Home,0
L02700,C03684,4733771,Auto,1
L02701,C04306,2093048,Personal,1
L02702,C04114,1734887,Personal,0
L02703,C00262,2453200,Home,1
L02704,C00167,3639194,Auto,0
L02705,C03764,3819028,Business,0
L02706,C03938,4403655,Business,0
L02707,C01323,3608159,Business,1
L02708,C01869,1943476,Auto,1
L02709,C01547,2377619,Personal,1
L02710,C04254,2563518,Business,1
L02711,C04253,510366,Business,0
L02712,C00401,1738072,Business,0
L02713,C02830,4733947,Home,1
L02714,C00800,934528,Personal,1
L02715,C04831,3073314,Auto,0
L02716,C02051,3017642,Auto,0
L02717,C01591,2495050,Personal,0
L02718,C00401,2435125,Home,1
L02719,C00065,498850,Personal,0
L02720,C00255,1259224,Auto,0
L02721,C02577,1926042,Home,0
L02722,C00566,872115,Auto,0
L02723,C00291,3203892,Home,0
L02724,C03785,1557019,Home,0
L02725,C04564,4983558,Personal,1
L02726,C00714,2942145,Home,0
L02727,C03375,1315184,Business,1
L02728,C00303,3485913,Home,1
L02729,C00855,4612405,Business,0
L02730,C04614,1373517,Auto,0
L02731,C01449,3216046,Personal,1
L02732,C01209,3105765,Home,1
L02733,C00868,3628144,Home,0
L02734,C00077,2895655,Auto,0
L02735,C04063,4304981,Home,1
L02736,C03102,1974541,Auto,0
L02737,C04704,4095180,Auto,0
L02738,C02031,2460081,Personal,0
L02739,C03391,4326513,Business,0
L02740,C03335,4170934,Auto,0
L02741,C02258,206820,Home,0
L02742,C00539,622890,Home,1
L02743,C02680,3872508,Business,0
L02744,C04155,1253038,Personal,1
L02745,C03946,3324316,Auto,1
L02746,C04115,2716965,Business,0
L02747,C02889,4951803,Home,1
L02748,C04141,637976,Business,0
L02749,C00646,1074033,Home,0
L02750,C04917,962981,Home,1
L02751,C01945,1538693,Personal,0
L02752,C00631,4329865,Business,0
L02753,C04854,1742226,Personal,0
L02754,C03573,416651,Home,0
L02755,C00435,2035848,Auto,0
L02756,C03584,1990454,Business,0
L02757,C00184,4189618,Auto,0
L02758,C00042,1579187,Personal,1
L02759,C02180,2737038,Auto,0
L02760,C04697,4836173,Home,0
L02761,C02714,2850868,Personal,0
L02762,C00292,2973638,Personal,0
L02763,C04346,3788197,Personal,0
L02764,C01560,2069014,Business,1
L02765,C02226,2271632,Business,1
L02766,C00115,2410219,Personal,0
L02767,C04492,4646514,Auto,0
L02768,C03877,672042,Personal,0
L02769,C02416,725422,Business,1
L02770,C02063,814743,Business,1
L02771,C00598,1409148,Home,0
L02772,C02308,4699677,Auto,0
L02773,C02338,3556966,Home,0
L02774,C00511,3107228,Auto,0
L02775,C03524,4591384,Personal,0
L02776,C03822,2003423,Home,0
L02777,C03857,2606212,Auto,0
L02778,C02942,489608,Home,0
L02779,C04898,3399735,Auto,1
L02780,C04399,4649011,Business,0
L02781,C04899,2670355,Business,0
L02782,C00896,3780140,Home,1
L02783,C02435,4159275,Personal,0
L02784,C00434,2411358,Auto,0
L02785,C01505,1268735,Auto,1
L02786,C01558,3010606,Auto,0
L02787,C03937,1254434,Business,0
L02788,C02548,4402555,Personal,0
L02789,C03451,4024562,Business,0
L02790,C04319,961428,Home,0
L02791,C00408,2510316,Business,0
L02792,C00324,4099736,Auto,0
L02793,C01738,4926156,Auto,0
L02794,C03328,3298643,Auto,0
L02795,C01307,2940075,Home,0
L02796,C01826,1925191,Personal,1
L02797,C02506,2598381,Home,0
L02798,C00312,3938514,Business,1
L02799,C04162,4352251,Business,0
L02800,C00134,2599812,Auto,0
L02801,C02716,2006345,Home,1
L02802,C03676,3378862,Auto,0
L02803,C00638,1242358,Auto,1
L02804,C00794,2005971,Business,0
L02805,C03218,4742595,Business,0
L02806,C02534,4145960,Personal,1
L02807,C01640,2381167,Business,0
L02808,C03571,3664491,Business,1
L02809,C01865,3814682,Personal,0
L02810,C04496,3138144,Home,0
L02811,C04999,173315,Personal,1
L02812,C01071,3165518,Personal,0
L02813,C02853,395919,Home,0
L02814,C04340,3869304,Personal,0
L02815,C01950,871665,Auto,1
L02816,C01487,4746523,Home,0
L02817,C02547,4090333,Home,0
L02818,C03649,3085037,Personal,0
L02819,C03588,3535899,Auto,1
L02820,C03952,3089048,Home,1
L02821,C03706,3688220,Business,0
L02822,C02449,371596,Business,0
L02823,C02127,1708687,Business,0
L02824,C00756,3814978,Personal,0
L02825,C00424,2276483,Personal,1
L02826,C01723,4219930,Home,0
L02827,C01256,4726772,Auto,0
L02828,C02206,4454269,Business,0
L02829,C02855,3841110,Auto,0
L02830,C03646,4911386,Auto,0
L02831,C04799,4494975,Auto,1
L02832,C02396,2217982,Personal,1
L02833,C01103,4249091,Home,1
L02834,C03590,2018868,Auto,0
L02835,C00338,3514737,Personal,0
L02836,C00831,2316243,Personal,0
L02837,C02471,452280,Personal,0
L02838,C03786,2451546,Home,0
L02839,C01742,1096877,Home,1
L02840,C04896,2271794,Home,0
L02841,C03590,3925087,Business,0
L02842,C03823,1929050,Business,1
L02843,C01195,2302014,Auto,0
L02844,C04588,1352829,Home,0
L02845,C02320,3794454,Home,0
L02846,C04805,2587888,Personal,0
L02847,C03101,4503559,Home,1
L02848,C03058,3675202,Home,1
L02849,C00394,4327767,Business,0
L02850,C02025,2943935,Home,0
L02851,C00917,4707368,Business,0
L02852,C01628,2245226,Personal,0
L02853,C00345,237415,Home,0
L02854,C03528,1239950,Auto,0
L02855,C03973,673928,Home,0
L02856,C03283,3936479,Personal,0
L02857,C04421,1364716,Personal,1
L02858,C01801,183377,Auto,1
L02859,C01649,2537608,Home,0
L02860,C03910,1538697,Personal,0
L02861,C01862,3275616,Auto,0
L02862,C03275,3362192,Personal,0
L02863,C04692,954187,Business,1
L02864,C03232,2128401,Auto,0
L02865,C00271,2391944,Business,0
L02866,C04114,1929254,Personal,0
L02867,C01239,4049385,Personal,0
L02868,C00891,4162081,Home,0
L02869,C00967,669637,Personal,0
L02870,C01866,1740461,Business,0
L02871,C00327,4301083,Home,0
L02872,C02173,4121823,Auto,0
L02873,C01372,1808657,Business,0
L02874,C02512,683019,Personal,0
L02875,C04273,4680619,Home,0
L02876,C04446,2205523,Auto,0
L02877,C01631,2082623,Home,1
L02878,C03097,1933467,Business,1
L02879,C04087,1992084,Auto,0
L02880,C03577,1526848,Personal,0
L02881,C03876,4979003,Personal,0
L02882,C02778,228811,Home,0
L02883,C02071,4411989,Home,0
L02884,C04812,4961139,Home,1
L02885,C03697,145534,Home,0
L02886,C04763,847181,Auto,1
L02887,C04608,1992033,Home,0
L02888,C00826,4946949,Auto,0
L02889,C00375,1725503,Personal,0
L02890,C00144,3838721,Business,0
L02891,C04617,447895,Personal,0
L02892,C02703,4162010,Home,0
L02893,C02406,4583824,Business,0
L02894,C02141,3645898,Business,0
L02895,C01554,211624,Business,0
L02896,C01556,4900672,Personal,1
L02897,C03013,630967,Business,0
L02898,C01960,149683,Business,0
L02899,C01627,2723305,Business,0
L02900,C01846,223819,Home,1
L02901,C00721,4707744,Business,1
L02902,C01862,3599597,Personal,1
L02903,C00995,3618226,Home,0
L02904,C03756,4519061,Personal,0
L02905,C00572,3546596,Business,0
L02906,C01404,192831,Business,1
L02907,C03537,2323089,Home,1
L02908,C03522,4075636,Home,0
L02909,C03751,1854375,Auto,0
L02910,C00044,1293961,Home,0
L02911,C04084,3607364,Home,0
L02912,C02061,1867167,Business,0
L02913,C01033,405088,Auto,0
L02914,C00436,3475659,Auto,0
L02915,C03544,4317167,Business,0
L02916,C02140,2153973,Business,0
L02917,C02614,3257972,Auto,0
L02918,C00148,3796301,Business,0
L02919,C04697,764225,Personal,0
L02920,C04059,2802712,Auto,1
L02921,C03878,2368569,Home,0
L02922,C03766,4622492,Personal,0
L02923,C03944,1701095,Auto,0
L02924,C03289,2013228,Business,0
L02925,C00649,235521,Business,0
L02926,C04265,2931583,Personal,0
L02927,C03796,740706,Home,0
L02928,C00278,2391821,Auto,0
L02929,C00456,3659129,Auto,0
L02930,C01607,1416533,Business,1
L02931,C02312,1255653,Auto,1
L02932,C02348,4405693,Personal,0
L02933,C00756,4925572,Auto,0
L02934,C03742,431049,Auto,0
L02935,C03063,2576777,Auto,1
L02936,C03951,2819130,Home,1
L02937,C03433,2326255,Auto,1
L02938,C02657,3726252,Personal,0
L02939,C02893,3128224,Business,1
L02940,C04761,4199191,Business,0
L02941,C00562,2427862,Home,1
L02942,C02399,2192314,Home,0
L02943,C04864,3954763,Auto,0
L02944,C04980,3450686,Auto,0
L02945,C02707,3558440,Personal,0
L02946,C02777,4517938,Business,0
L02947,C00076,3009985,Personal,1
L02948,C03540,3705488,Home,0
L02949,C00681,2526787,Auto,0
L02950,C01096,4993600,Personal,0
L02951,C03713,4316083,Personal,1
L02952,C02484,1347817,Business,1
L02953,C00932,2894728,Auto,0
L02954,C03307,3944645,Auto,1
L02955,C00437,2656732,Business,0
L02956,C01177,1678041,Personal,0
L02957,C04337,871224,Personal,0
L02958,C01705,4339983,Personal,0
L02959,C01012,901549,Business,0
L02960,C00416,467528,Auto,0
L02961,C03850,1099116,Home,1
L02962,C01483,4830890,Personal,0
L02963,C03792,3704942,Home,0
L02964,C04084,3909954,Business,1
L02965,C03778,3958063,Personal,0
L02966,C03347,4705363,Auto,0
L02967,C03869,1878265,Home,0
L02968,C02607,2383421,Home,1
L02969,C02130,1901824,Auto,1
L02970,C03176,540491,Home,0
L02971,C01352,3205912,Home,0
L02972,C02840,1180563,Business,0
L02973,C01613,1132097,Home,0
L02974,C03681,2839560,Auto,0
L02975,C00537,182638,Auto,0
L02976,C03788,2835616,Business,0
L02977,C00696,2195433,Personal,1
L02978,C03294,2289877,Home,0
L02979,C01075,4508474,Home,1
L02980,C01428,4089925,Personal,0
L02981,C00686,4205537,Home,0
L02982,C02940,1189761,Home,0
L02983,C01881,1851419,Personal,0
L02984,C01251,2347816,Auto,0
L02985,C00812,1671230,Auto,0
L02986,C00101,2045637,Home,1
L02987,C02995,1740081,Personal,0
L02988,C01939,1098873,Personal,0
L02989,C01707,4026896,Personal,0
L02990,C04695,110361,Auto,0
L02991,C04850,2377582,Auto,1
L02992,C04957,4657576,Personal,1
L02993,C01876,2028096,Home,1
L02994,C02814,395071,Home,0
L02995,C01923,3223715,Auto,1
L02996,C02864,4755090,Personal,0
L02997,C00227,1787196,Auto,1
L02998,C00773,3015340,Home,0
L02999,C00488,2584699,Auto,1
L03000,C04335,3102441,Personal,0
